"","ymin_group","kids","actual_mean","optimalc_mean","optimalv_mean","mass_sum"
"1","(0,0.173]",2,29.9831891418941,44,44,4.48898605343219e-08
"2","(0,0.173]",3,34.5371572717668,44,44,2.1441332831505e-07
"3","(0,0.173]",4,40.2451976918394,44,44,1.51266716642981e-06
"4","(0.173,0.216]",1,23.5616105684676,44,44,1.20255710034271e-06
"5","(0.173,0.216]",2,29.3511179400098,44,44,4.17318823551541e-06
"6","(0.173,0.216]",3,34.5998248716638,44,44,5.17828759446687e-06
"7","(0.173,0.216]",4,40.2827374892957,44,44,1.27064755129851e-05
"8","(0.216,0.259]",0,15.3927933006733,44,44,8.57583519248852e-06
"9","(0.216,0.259]",1,23.2478853402206,44,44,1.72761238931759e-05
"10","(0.216,0.259]",2,29.162634780776,44,44,3.52177462819163e-05
"11","(0.216,0.259]",3,34.4870351465021,44,44,3.01014804599191e-05
"12","(0.216,0.259]",4,40.3218745392831,44,44,4.90498212394944e-05
"13","(0.259,0.302]",0,15.4927582512121,44,44,6.94732103951978e-05
"14","(0.259,0.302]",1,23.062415349551,44,44,7.77125110929618e-05
"15","(0.259,0.302]",2,28.9960049921307,44,44,0.000126459898343004
"16","(0.259,0.302]",3,34.610941438102,44,44,9.20112174760004e-05
"17","(0.259,0.302]",4,40.4265022053196,44,44,0.000125273770228083
"18","(0.302,0.345]",0,15.5481970081149,44,44,0.000254167229678072
"19","(0.302,0.345]",1,22.9436414209408,44,44,0.00021177635815436
"20","(0.302,0.345]",2,28.8892354745989,44,44,0.000306206567382049
"21","(0.302,0.345]",3,34.5221302556523,44,44,0.000205060095642547
"22","(0.302,0.345]",4,40.4972958666468,44,44,0.000251534377031055
"23","(0.345,0.388]",0,15.6383834608972,44,44,0.000612520599781946
"24","(0.345,0.388]",1,22.8057262136396,44,44,0.000422719260623921
"25","(0.345,0.388]",2,28.8344825186251,44,44,0.000564712621941053
"26","(0.345,0.388]",3,34.4911553466573,44,44,0.000366491898013647
"27","(0.345,0.388]",4,40.6188722775601,44,44,0.00041663768441326
"28","(0.388,0.432]",0,15.6172345295255,44,44,0.00111399392570753
"29","(0.388,0.432]",1,22.7362745903527,44,44,0.000655000078512445
"30","(0.388,0.432]",2,28.6258767689781,44,44,0.000893068578893382
"31","(0.388,0.432]",3,34.4844200683184,44,44,0.000569477407835326
"32","(0.388,0.432]",4,40.7272455344418,44,44,0.000609862117065511
"33","(0.432,0.475]",0,15.6845294565543,44,44,0.00177476052055725
"34","(0.432,0.475]",1,22.6034722731224,44,44,0.000983802775701828
"35","(0.432,0.475]",2,28.4785252479268,44,44,0.00128970404100502
"36","(0.432,0.475]",3,34.4603791175797,44,44,0.000828321646607132
"37","(0.432,0.475]",4,40.8107535489962,44,44,0.000816166613024357
"38","(0.475,0.518]",0,15.590321475984,44,44,0.00246885482279246
"39","(0.475,0.518]",1,22.396431303519,44,44,0.00126701857536394
"40","(0.475,0.518]",2,28.4700680437296,44,44,0.00169269074473521
"41","(0.475,0.518]",3,34.5013393891752,44,44,0.00108642865150129
"42","(0.475,0.518]",4,40.8908389608396,44,44,0.00101405151201154
"43","(0.518,0.561]",0,15.4936020431407,44,44,0.0032210676388123
"44","(0.518,0.561]",1,22.3577920048228,44,44,0.00161160801014911
"45","(0.518,0.561]",2,28.339922967608,44,44,0.00214039920416676
"46","(0.518,0.561]",3,34.5683468093171,44,44,0.00133918067053803
"47","(0.518,0.561]",4,40.9522364487413,44,44,0.0011886683116905
"48","(0.561,0.604]",0,15.5393718078576,44,44,0.0040059776335071
"49","(0.561,0.604]",1,22.2046498499741,44,44,0.00192187549447608
"50","(0.561,0.604]",2,28.3594032287466,44,44,0.0025594358381258
"51","(0.561,0.604]",3,34.6085956316087,44,44,0.00160490339911922
"52","(0.561,0.604]",4,41.0744323400018,44,44,0.00132540878501709
"53","(0.604,0.647]",0,15.3734110703127,44,44,0.00483154378850492
"54","(0.604,0.647]",1,22.1568951394987,44,44,0.00225274775869435
"55","(0.604,0.647]",2,28.3759511044318,44,44,0.00296851631338013
"56","(0.604,0.647]",3,34.6775303063535,44,44,0.00183265703739721
"57","(0.604,0.647]",4,41.0563378882495,44,44,0.00146176258220724
"58","(0.647,0.69]",0,15.3930414956828,44,44,0.00570335240171368
"59","(0.647,0.69]",1,22.1520964024889,44,44,0.00256800872659307
"60","(0.647,0.69]",2,28.3794800055838,44,44,0.003336575764748
"61","(0.647,0.69]",3,34.7197409164548,44,44,0.00201238819142362
"62","(0.647,0.69]",4,41.1887301047612,44,44,0.00153607454294015
"63","(0.69,0.734]",0,15.2901563195811,44,44,0.00635157486950817
"64","(0.69,0.734]",1,22.1440089157786,44,44,0.0027694256357797
"65","(0.69,0.734]",2,28.3629689299279,44,44,0.00370577680240668
"66","(0.69,0.734]",3,34.8609039179398,44,44,0.00214004072870956
"67","(0.69,0.734]",4,41.1963530966068,44,44,0.0015993376574048
"68","(0.734,0.777]",0,15.3038345821175,44,44,0.00716092413287879
"69","(0.734,0.777]",1,22.1210413058935,44,44,0.00298875501521635
"70","(0.734,0.777]",2,28.425229061851,44,44,0.00390139043739256
"71","(0.734,0.777]",3,34.7877245076656,44,44,0.00233268521174914
"72","(0.734,0.777]",4,41.1888568380134,44,44,0.00166112023710455
"73","(0.777,0.82]",0,15.3090809114461,44,44,0.00779701643228529
"74","(0.777,0.82]",1,22.1330141273329,44,44,0.00324365292931859
"75","(0.777,0.82]",2,28.4862103827928,44,44,0.00410265378289586
"76","(0.777,0.82]",3,34.9075110809708,44,44,0.00235227537442453
"77","(0.777,0.82]",4,41.3415114567985,44,44,0.00164118439613572
"78","(0.82,0.863]",0,15.3469216456881,44,44,0.00814137594237878
"79","(0.82,0.863]",1,22.1476304498968,44,44,0.00335863698328039
"80","(0.82,0.863]",2,28.5251875766375,44,44,0.00421240700183809
"81","(0.82,0.863]",3,35.0426881475777,44,44,0.00237773055829871
"82","(0.82,0.863]",4,41.2401298834774,44,44,0.00167408359900547
"83","(0.863,0.906]",0,15.3583846688524,40.3993269453552,37.0033652732241,0.0105483426885337
"84","(0.863,0.906]",1,22.2708982874113,44,44,0.00411077427335072
"85","(0.863,0.906]",2,28.6348302735392,44,44,0.00517189610548199
"86","(0.863,0.906]",3,35.0046548644524,44,44,0.00294608105697901
"87","(0.863,0.906]",4,41.3772719747872,44,44,0.00195937390045209
"88","(0.906,0.949]",0,15.4797832269411,34.7697651625195,31.2407948345494,0.00919879725122795
"89","(0.906,0.949]",1,22.3153552634766,44,44,0.00347069005967883
"90","(0.906,0.949]",2,28.6625241761017,44,44,0.00428178731000144
"91","(0.906,0.949]",3,35.0941752539814,44,44,0.00241975232826061
"92","(0.906,0.949]",4,41.3719420453779,44,44,0.00160057282782678
"93","(0.949,0.993]",0,15.4766709088029,26.2430643933393,31.2522066677228,0.00938353141087352
"94","(0.949,0.993]",1,22.2436702511395,44,24.7732090791552,0.00355838865294964
"95","(0.949,0.993]",2,28.6670184767198,44,44,0.00435779893311655
"96","(0.949,0.993]",3,35.1373637232204,44,44,0.00238723538997393
"97","(0.949,0.993]",4,41.4298539356523,44,44,0.00155262730364256
"98","(0.993,1.04]",0,15.5403537502696,20.7359728132413,31.0187029156782,0.00757287835975935
"99","(0.993,1.04]",1,22.496704462535,44,23.8454169707049,0.00274902420373683
"100","(0.993,1.04]",2,28.829895679083,44,18.9570491766955,0.00338483451243908
"101","(0.993,1.04]",3,35.1084268733257,44,44,0.001923091371625
"102","(0.993,1.04]",4,41.4662649172424,44,44,0.00120938403852054
"103","(1.04,1.08]",0,15.6019434543489,18.8058303630466,30.7928740007208,0.00962263364878377
"104","(1.04,1.08]",1,22.4543038853298,44,24.0008857537908,0.00353224020309711
"105","(1.04,1.08]",2,28.8006769075055,44,19.0641846724799,0.00429068025936078
"106","(1.04,1.08]",3,35.2220817656186,44,39.8889591171907,0.00228715756251291
"107","(1.04,1.08]",4,41.4180214426081,44,44,0.00148871027034036
"108","(1.08,1.12]",0,15.6417863305792,18.9253589917377,30.6467834545428,0.00962422212617444
"109","(1.08,1.12]",1,22.4669264585139,41.2778860243808,23.9546029854489,0.00340681315778596
"110","(1.08,1.12]",2,28.8255599522578,44,18.9729468417214,0.00410656437101007
"111","(1.08,1.12]",3,35.2132858619661,44,13.8846185061243,0.00225884643484193
"112","(1.08,1.12]",4,41.4900840122704,44,44,0.0013951709541569
"113","(1.12,1.17]",0,15.7116701146551,14.9908454012928,30.3905429129314,0.00964387644520715
"114","(1.12,1.17]",1,22.6166782036927,36.0208477546159,23.4055132531268,0.00340400518744779
"115","(1.12,1.17]",2,28.9293260667727,44,18.5924710885,0.00400386522207221
"116","(1.12,1.17]",3,35.2805054206436,44,13.6381467909736,0.00218421640630994
"117","(1.12,1.17]",4,41.4624694601508,44,9.30427864611372,0.00138433927417067
"118","(1.17,1.21]",0,15.7585131729621,12.2151678121269,30.2187850324723,0.00953841283797262
"119","(1.17,1.21]",1,22.5637743858161,31.1275487716321,23.5994939186744,0.00331420345326009
"120","(1.17,1.21]",2,28.8916412360267,44,18.7306488012355,0.0039339174880977
"121","(1.17,1.21]",3,35.3572537144707,44,13.3567363802743,0.00206643199302395
"122","(1.17,1.21]",4,41.5553586886974,44,8.96368480810946,0.00129038997763742
"123","(1.21,1.25]",0,15.8744040836991,7.4259411604233,29.7938516931033,0.00937912267681968
"124","(1.21,1.25]",1,22.6535997419226,30.7783327956721,23.2701342796171,0.00318674922002201
"125","(1.21,1.25]",2,28.9957264432172,41.9148860180072,18.349003041537,0.00377974671006164
"126","(1.21,1.25]",3,35.2773521490712,44,13.6497087867388,0.00205234503445495
"127","(1.21,1.25]",4,41.5474948558563,42.9781228566068,8.99251886186027,0.00123409372548844
"128","(1.25,1.29]",0,15.8804720314176,0,29.7716025514688,0.0092796520502038
"129","(1.25,1.29]",1,22.6915085375125,29.805894209403,23.1311353624543,0.00313100714965534
"130","(1.25,1.29]",2,29.0428394373334,41.5214197186667,18.1762553964441,0.00361082621039314
"131","(1.25,1.29]",3,35.384995204096,42.4937480017066,13.2550175849815,0.00192566028916472
"132","(1.25,1.29]",4,41.5524385143752,42.7762192571876,8.97439211395753,0.00118419716536236
"133","(1.29,1.34]",0,15.2524758057902,0,29.6070049650177,0.00913376026017394
"134","(1.29,1.34]",1,22.7401756667694,25.2205270003082,22.9526892218456,0.00300406184153538
"135","(1.29,1.34]",2,29.0211395624951,34.0422791249902,18.2558216041846,0.00351255432742502
"136","(1.29,1.34]",3,35.4216933294113,42.2108466647056,13.1204577921587,0.0018490412469151
"137","(1.29,1.34]",4,41.5526036953113,39.1052073906227,8.9737864505251,0.00113265264571889
"138","(1.34,1.38]",0,14.6916875686522,0,29.2546962128075,0.00876970689194714
"139","(1.34,1.38]",1,22.7840819687015,25.3522459061045,22.7916994480945,0.00289006048730908
"140","(1.34,1.38]",2,29.0993142041119,34.1986284082238,17.9691812515897,0.00335081214641528
"141","(1.34,1.38]",3,35.3725670052946,41.5817113368631,13.300587647253,0.0017614472624085
"142","(1.34,1.38]",4,41.5982064160278,39.1964128320556,8.80657647456466,0.00107098125650924
"143","(1.38,1.42]",0,14.0052573300346,0,29.3179118318984,0.00866313839260897
"144","(1.38,1.42]",1,22.8424507059167,22.9617065785486,22.5776807449723,0.00279678772048969
"145","(1.38,1.42]",2,29.1473391604721,34.2946783209442,17.7930897449356,0.00321405527862397
"146","(1.38,1.42]",3,35.4192208386695,36.838441677339,13.1295235915452,0.0017015730037355
"147","(1.38,1.42]",4,41.5996850796984,36.9990814824538,8.80115470777238,0.00101617268166583
"148","(1.42,1.47]",0,13.4049404539893,0,29.1364137515294,0.00839564817764991
"149","(1.42,1.47]",1,22.8600060346661,19.0450196126648,22.5133112062243,0.00269592569286512
"150","(1.42,1.47]",2,29.1091028678695,30.5500328866411,17.9332894844785,0.00307631932291994
"151","(1.42,1.47]",3,35.4560723517458,36.6168173994703,12.9944013769322,0.00162250566995971
"152","(1.42,1.47]",4,41.6204291243779,37.0595849461022,8.72509321061442,0.000965646222836052
"153","(1.47,1.51]",0,12.1794764814387,0,28.8946130453721,0.0082029177601495
"154","(1.47,1.51]",1,22.8897502393601,0.981625039893346,22.4042491223464,0.0025790807979606
"155","(1.47,1.51]",2,29.15514203447,29.8691642672043,17.7644792069432,0.00294847941660588
"156","(1.47,1.51]",3,35.4709717025332,36.6478577136109,12.9397704240448,0.00153934484702603
"157","(1.47,1.51]",4,41.629344761939,36.8880342858171,8.69240253955683,0.00090832836838688
"158","(1.51,1.55]",0,11.6587617077971,0,28.5797097293121,0.00792585805433764
"159","(1.51,1.55]",1,22.9432434112854,0,22.2081074919534,0.0024616626475119
"160","(1.51,1.55]",2,29.1934564068084,29.5803692204251,17.623993175036,0.00281459067728346
"161","(1.51,1.55]",3,35.5050895107344,33.8065110729753,12.8146717939739,0.00145102701149849
"162","(1.51,1.55]",4,41.6260227574196,35.6910796509686,8.70458322279479,0.000868730193790892
"163","(1.55,1.6]",0,10.9785190576757,0,28.6472580731135,0.00764739894332625
"164","(1.55,1.6]",1,22.9515863039232,0,22.1775168856151,0.00239578272359774
"165","(1.55,1.6]",2,29.2469872793833,27.3644554778416,17.4277133089279,0.00265548734105569
"166","(1.55,1.6]",3,35.5421173800681,33.6263521402044,12.6789029397502,0.00138379342199651
"167","(1.55,1.6]",4,41.6451152957745,35.7579035352106,8.63457724882697,0.000822909425925522
"168","(1.6,1.64]",0,10.374276037374,0,1.29768799644057,0.00738916643378766
"169","(1.6,1.64]",1,22.9835077163565,0,10.0274871394058,0.00226283816481888
"170","(1.6,1.64]",2,29.2410942349615,26.5506788615256,17.4493211384744,0.00254832302499694
"171","(1.6,1.64]",3,35.4984093736558,33.4952281209673,12.8391656299288,0.00130259807938833
"172","(1.6,1.64]",4,41.6384006908414,35.340802533085,8.65919746691496,0.000777232088989564
"173","(1.64,1.68]",0,9.25748784017211,0,0,0.00704019336355959
"174","(1.64,1.68]",1,23.0587795269512,0,0,0.00214800453725856
"175","(1.64,1.68]",2,29.2405028031861,26.5485102783488,0,0.00243263325943433
"176","(1.64,1.68]",3,35.5517720365374,31.3564974673038,0,0.0012655928951669
"177","(1.64,1.68]",4,41.6795296938537,35.4916088774636,0,0.000738913880499465
"178","(1.68,1.73]",0,8.59110059038241,0,0,0.00688937365984845
"179","(1.68,1.73]",1,23.0296163079411,0,0,0.00207009401378037
"180","(1.68,1.73]",2,29.3027359083811,23.7338917022387,0,0.00229413581636067
"181","(1.68,1.73]",3,35.5623738248627,31.3953706911631,0,0.00118180377208988
"182","(1.68,1.73]",4,41.6463002659242,35.3697676417222,0,0.000697976727572847
"183","(1.73,1.77]",0,8.69617072161914,0,0,0.00662622476569905
"184","(1.73,1.77]",1,23.0501374688544,0,0,0.00200823537191631
"185","(1.73,1.77]",2,29.278644761382,10.917967142073,0,0.00221751989013788
"186","(1.73,1.77]",3,35.5522212199047,31.3581444729839,0,0.00114081759908297
"187","(1.73,1.77]",4,41.6699837924863,35.4566072391165,0,0.000659088116295208
"188","(1.77,1.81]",0,8.70345313593212,0,0,0.00634657823365421
"189","(1.77,1.81]",1,23.1341649650818,0,0,0.00186768662569772
"190","(1.77,1.81]",2,29.3158414881175,0,0,0.00209548391648323
"191","(1.77,1.81]",3,35.5685592803851,31.4180506947455,0,0.00105930684157122
"192","(1.77,1.81]",4,41.7235048316316,35.652851049316,0,0.000621684146310192
"193","(1.81,1.86]",0,8.78640738186543,0,0,0.00615633325662155
"194","(1.81,1.86]",1,23.1043735937838,0,0,0.00181758901670842
"195","(1.81,1.86]",2,29.3358688589131,0,0,0.00195797835516927
"196","(1.81,1.86]",3,35.5972147419543,31.5231207204989,0,0.00100673566750471
"197","(1.81,1.86]",4,41.6148515799517,35.2544557931564,0,0.00060581333747187
"198","(1.86,1.9]",0,8.91864090100423,0,0,0.00579870918152998
"199","(1.86,1.9]",1,23.1393415154254,0,0,0.00171191081887278
"200","(1.86,1.9]",2,29.3250421361081,0,0,0.00190987729843223
"201","(1.86,1.9]",3,35.5828342411919,31.4703922177036,0,0.000975565856345424
"202","(1.86,1.9]",4,41.7228586861055,35.6504818490536,0,0.000550396535502747
"203","(1.9,1.94]",0,8.83911692356137,0,0,0.00561625236465896
"204","(1.9,1.94]",1,23.1595072609256,0,0,0.00162520896076318
"205","(1.9,1.94]",2,29.3813034525937,0,0,0.00177174906235273
"206","(1.9,1.94]",3,35.6056400147311,14.3427333578852,0,0.000901006847347235
"207","(1.9,1.94]",4,41.7199736755536,35.6399034770298,0,0.000529812209642166
"208","(1.94,1.99]",0,8.91166345730572,0,0,0.00547574411849467
"209","(1.94,1.99]",1,22.6758179554101,0,0,0.00157646692667721
"210","(1.94,1.99]",2,29.0019360614762,0,0,0.0016982475774691
"211","(1.94,1.99]",3,35.3345985096362,14.3609207840557,0,0.000875835870788864
"212","(1.94,1.99]",4,41.4881599093565,35.4983873855143,0,0.00049611840506737
"213","(1.99,2.03]",0,9.00926562290992,0,0,0.00513331136789048
"214","(1.99,2.03]",1,22.2555731147869,0,0,0.00146867831352112
"215","(1.99,2.03]",2,28.5554369818486,0,0,0.00165327541260377
"216","(1.99,2.03]",3,35.0507322459963,0,0,0.000809653499077279
"217","(1.99,2.03]",4,41.2982352266959,35.5087392839015,0,0.000478401843842968
"218","(2.03,2.07]",0,9.05822205625437,0,0,0.00495234370580329
"219","(2.03,2.07]",1,21.7485344481266,0,0,0.001428244448361
"220","(2.03,2.07]",2,28.2565683937508,0,0,0.00151359562940688
"221","(2.03,2.07]",3,34.7964533454538,0,0,0.000774921185482687
"222","(2.03,2.07]",4,41.152654547462,35.6477866725553,0,0.000448619424636474
"223","(2.07,2.11]",0,9.08100338163029,0,0,0.00475361790069845
"224","(2.07,2.11]",1,20.7961511315852,0,0,0.00134025534348004
"225","(2.07,2.11]",2,27.5454138631842,0,0,0.0014564675555367
"226","(2.07,2.11]",3,34.2415940343927,0,0,0.000743837724375359
"227","(2.07,2.11]",4,40.7668709253782,30.7730055979042,0,0.000425386925575203
"228","(2.11,2.16]",0,9.10686643687107,0,0,0.00454539900629542
"229","(2.11,2.16]",1,20.3431896516559,0,0,0.0013094280387063
"230","(2.11,2.16]",2,27.1106296427228,0,0,0.00138057374151243
"231","(2.11,2.16]",3,33.9418945702565,0,0,0.00069158585251074
"232","(2.11,2.16]",4,40.5792332916048,30.7783813933879,0,0.000403917904018991
"233","(2.16,2.2]",0,9.1147668583252,0,0,0.00442489661625343
"234","(2.16,2.2]",1,19.9521646887985,0,0,0.00121000292568367
"235","(2.16,2.2]",2,26.7378633804562,0,0,0.00132245371297739
"236","(2.16,2.2]",3,33.7254790765732,0,0,0.000670689634374246
"237","(2.16,2.2]",4,40.4075750614745,7.29832502911952,0,0.00038081426329482
"238","(2.2,2.24]",0,9.15299301728846,0,0,0.00414552416532576
"239","(2.2,2.24]",1,19.431427371957,0,0,0.00118158072051961
"240","(2.2,2.24]",2,26.3828168455737,0,0,0.00127264676633843
"241","(2.2,2.24]",3,33.3992999731946,0,0,0.000627027764271924
"242","(2.2,2.24]",4,40.1835500398194,0,0,0.000366774970135191
"243","(2.24,2.29]",0,9.21949522590124,0,0,0.00398818449223904
"244","(2.24,2.29]",1,18.5604461356928,0,0,0.00109934299685627
"245","(2.24,2.29]",2,25.6593060076889,0,0,0.00118446024692759
"246","(2.24,2.29]",3,32.8515341238904,0,0,0.000591628853451434
"247","(2.24,2.29]",4,39.8077435605752,0,0,0.000343983684221475
"248","(2.29,2.33]",0,9.29059963453438,0,0,0.00385126089557581
"249","(2.29,2.33]",1,18.0222996823219,0,0,0.00106380965696007
"250","(2.29,2.33]",2,25.2772441303027,0,0,0.00112587251607733
"251","(2.29,2.33]",3,32.6532144139475,0,0,0.000570755078585137
"252","(2.29,2.33]",4,39.65488197317,0,0,0.000321631006748937
"253","(2.33,2.37]",0,9.17744844407272,0,0,0.00361614967740542
"254","(2.33,2.37]",1,17.7105473508867,0,0,0.000997201437753614
"255","(2.33,2.37]",2,24.9373667509273,0,0,0.00107490170594429
"256","(2.33,2.37]",3,32.3494842372768,0,0,0.000539064949579481
"257","(2.33,2.37]",4,39.4795421991131,0,0,0.000310190632339317
"258","(2.37,2.42]",0,9.33017491133618,0,0,0.00358152570129196
"259","(2.37,2.42]",1,17.0980348086954,0,0,0.000972014322898714
"260","(2.37,2.42]",2,24.5832918487223,0,0,0.00101872505918162
"261","(2.37,2.42]",3,32.0467298488297,0,0,0.000514341785814711
"262","(2.37,2.42]",4,39.2682707334314,0,0,0.000291725433980191
"263","(2.42,2.46]",0,9.33869098413264,0,0,0.00325531595600391
"264","(2.42,2.46]",1,16.2822251549028,0,0,0.000916101831203336
"265","(2.42,2.46]",2,23.8121604693423,0,0,0.000978799089654395
"266","(2.42,2.46]",3,31.5119826746824,0,0,0.000481709380835897
"267","(2.42,2.46]",4,38.9067053913898,0,0,0.000280860666495734
"268","(2.46,2.5]",0,9.3445149137638,0,0,0.00327313629129039
"269","(2.46,2.5]",1,15.8029982474499,0,0,0.000863474362713344
"270","(2.46,2.5]",2,23.4846286604176,0,0,0.000912524624110282
"271","(2.46,2.5]",3,31.3301664327572,0,0,0.000464100790058604
"272","(2.46,2.5]",4,38.6943079386312,0,0,0.000262598170811154
"273","(2.5,2.55]",0,9.30592219772887,0,0,0.00310413565159276
"274","(2.5,2.55]",1,15.417142035629,0,0,0.000839619948328137
"275","(2.5,2.55]",2,23.1413699382584,0,0,0.00088728918715065
"276","(2.5,2.55]",3,31.0390446159821,0,0,0.000439133065517268
"277","(2.5,2.55]",4,38.4977834005651,0,0,0.000252479979317523
"278","(2.55,2.59]",0,9.43706041093495,0,0,0.00287883093793768
"279","(2.55,2.59]",1,15.3082733603921,0,0,0.000796610159208492
"280","(2.55,2.59]",2,22.7950540912145,0,0,0.000842658899178338
"281","(2.55,2.59]",3,30.7358707926882,0,0,0.000416518077254457
"282","(2.55,2.59]",4,38.3574552862254,0,0,0.000237000120054771
"283","(2.59,2.63]",0,9.06435128569903,0,0,0.00278744766044501
"284","(2.59,2.63]",1,14.8758811881447,0,0,0.00075545184139944
"285","(2.59,2.63]",2,21.4169297350122,0,0,0.000799250922837365
"286","(2.59,2.63]",3,29.5125179089936,0,0,0.000393844248431171
"287","(2.59,2.63]",4,37.2034749713344,0,0,0.000227988113447718
"288","(2.63,2.68]",0,8.60849952179923,0,0,0.00269268704109978
"289","(2.63,2.68]",1,14.4087474062497,0,0,0.00071409297532751
"290","(2.63,2.68]",2,20.3666068498419,0,0,0.000756692116928008
"291","(2.63,2.68]",3,28.5060976797246,0,0,0.000376382649994812
"292","(2.63,2.68]",4,36.1492090227573,0,0,0.000216407229362743
"293","(2.68,2.72]",0,8.23934813719687,0,0,0.00257877916358889
"294","(2.68,2.72]",1,13.8500860188902,0,0,0.000688502383242462
"295","(2.68,2.72]",2,19.475904570734,0,0,0.000719915468709874
"296","(2.68,2.72]",3,27.4785845276024,0,0,0.000355773707685781
"297","(2.68,2.72]",4,35.2489277321252,0,0,0.000203719289340312
"298","(2.72,2.76]",0,7.50138503732987,0,0,0.0025187827913777
"299","(2.72,2.76]",1,12.8263610659996,0,0,0.000663255366944332
"300","(2.72,2.76]",2,18.188415463574,0,0,0.000688706002444245
"301","(2.72,2.76]",3,25.7557357830275,0,0,0.000342625451470152
"302","(2.72,2.76]",4,33.3444914005491,0,0,0.000196338631446406
"303","(2.76,2.8]",0,7.06129874162091,0,0,0.00233333383763516
"304","(2.76,2.8]",1,12.2869471337849,0,0,0.000630588288919092
"305","(2.76,2.8]",2,17.5258940844739,0,0,0.000653188742914624
"306","(2.76,2.8]",3,24.4637925834269,0,0,0.000327668994500734
"307","(2.76,2.8]",4,32.1997418422807,0,0,0.00018553804547264
"308","(2.8,2.85]",0,6.75803650235702,0,0,0.00224792707795384
"309","(2.8,2.85]",1,11.7493261567063,0,0,0.000595326613289526
"310","(2.8,2.85]",2,17.0207452863846,0,0,0.000623801548819536
"311","(2.8,2.85]",3,23.5360554929527,0,0,0.000306411458967756
"312","(2.8,2.85]",4,31.2273519129121,0,0,0.000175700257358989
"313","(2.85,2.89]",0,6.36835027294416,0,0,0.00215015368688999
"314","(2.85,2.89]",1,11.2207748452392,0,0,0.000569008445936652
"315","(2.85,2.89]",2,16.3358998806232,0,0,0.000593658178783478
"316","(2.85,2.89]",3,22.5853172898546,0,0,0.000296268082726762
"317","(2.85,2.89]",4,30.1646603172777,0,0,0.000167492384242629
"318","(2.89,2.93]",0,5.60512940957654,0,0,0.00209121875106401
"319","(2.89,2.93]",1,10.256066348288,0,0,0.000547739498618138
"320","(2.89,2.93]",2,15.1055845928185,0,0,0.00056911299289495
"321","(2.89,2.93]",3,21.1002527542548,0,0,0.000282486710342895
"322","(2.89,2.93]",4,28.4116112744769,0,0,0.000161618628603823
"323","(2.93,2.98]",0,5.12537116267565,0,0,0.00195176822697086
"324","(2.93,2.98]",1,9.70624193666872,0,0,0.000517837887317527
"325","(2.93,2.98]",2,14.5228643484638,0,0,0.000543447231667037
"326","(2.93,2.98]",3,20.4624835347341,0,0,0.000266500731583708
"327","(2.93,2.98]",4,27.2793493285072,0,0,0.000150113944305857
"328","(2.98,3.02]",0,4.77662107439095,0,0,0.0019025861922728
"329","(2.98,3.02]",1,9.13801847898461,0,0,0.000493744077084455
"330","(2.98,3.02]",2,13.8778874744117,0,0,0.00051386961003949
"331","(2.98,3.02]",3,19.6051324786756,0,0,0.000252758344520205
"332","(2.98,3.02]",4,26.203797530718,0,0,0.000147332065612239
"333","(3.02,3.06]",0,4.39944412995008,0,0,0.0018020016028632
"334","(3.02,3.06]",1,8.5503842771506,0,0,0.000476084811504327
"335","(3.02,3.06]",2,13.2793321593452,0,0,0.000495750619443544
"336","(3.02,3.06]",3,19.0036949258483,0,0,0.000238987773633573
"337","(3.02,3.06]",4,25.2626520210867,0,0,0.000137181723429872
"338","(3.06,3.11]",0,3.61091661740275,0,0,0.00174533135013841
"339","(3.06,3.11]",1,7.58980682569435,0,0,0.00045781772123091
"340","(3.06,3.11]",2,11.9995497129513,0,0,0.000468450400095517
"341","(3.06,3.11]",3,17.4385050588759,0,0,0.00023731081561684
"342","(3.06,3.11]",4,23.5499115774951,0,0,0.000132248171020178
"343","(3.11,3.15]",0,3.19249248538176,0,0,0.00168514625514108
"344","(3.11,3.15]",1,7.01342567662789,0,0,0.000430327623835895
"345","(3.11,3.15]",2,11.3304193598677,0,0,0.000457106417681145
"346","(3.11,3.15]",3,16.7651055700261,0,0,0.000222046669421799
"347","(3.11,3.15]",4,22.8666908141144,0,0,0.000124283979278666
"348","(3.15,3.19]",0,2.81316665862413,0,0,0.0015718732433135
"349","(3.15,3.19]",1,6.49786650425679,0,0,0.000410335667640123
"350","(3.15,3.19]",2,10.8004343518279,0,0,0.000421386773232122
"351","(3.15,3.19]",3,16.1336981710588,0,0,0.000202758799804017
"352","(3.15,3.19]",4,21.9866583092344,0,0,0.00012114696064023
"353","(3.19,3.24]",0,2.38175774192694,0,0,0.00153332829826822
"354","(3.19,3.24]",1,5.92622288534668,0,0,0.000394152155688291
"355","(3.19,3.24]",2,10.1171271253101,0,0,0.000412927943956648
"356","(3.19,3.24]",3,15.2636203046393,0,0,0.000205058057759248
"357","(3.19,3.24]",4,21.2086439530151,0,0,0.000114127070565144
"358","(3.24,3.28]",0,1.61710201642603,0,0,0.00146565421102799
"359","(3.24,3.28]",1,4.8713830459713,0,0,0.00038580260253686
"360","(3.24,3.28]",2,8.89222953851158,0,0,0.000391673761069202
"361","(3.24,3.28]",3,13.8488034196401,0,0,0.000192260058777419
"362","(3.24,3.28]",4,19.5004655482332,0,0,0.000109321309989165
"363","(3.28,3.32]",0,1.20343775945584,0,0,0.00140904999776939
"364","(3.28,3.32]",1,4.35830447949668,0,0,0.000361359265457847
"365","(3.28,3.32]",2,8.23215995100844,0,0,0.000370483082608542
"366","(3.28,3.32]",3,13.1773834220504,0,0,0.000182886940721939
"367","(3.28,3.32]",4,18.7437370748694,0,0,0.000106172726035825
"368","(3.32,3.37]",0,0.8011223026983,0,0,0.00136660264346802
"369","(3.32,3.37]",1,3.78034576863905,0,0,0.00034505195962887
"370","(3.32,3.37]",2,7.59713459323446,0,0,0.000360553690351352
"371","(3.32,3.37]",3,12.4206189024264,0,0,0.000175029053454461
"372","(3.32,3.37]",4,17.9905610146981,0,0,9.93529298823048e-05
"373","(3.37,3.41]",0,0.408872630015514,0,0,0.00127682884330928
"374","(3.37,3.41]",1,3.28279226559889,0,0,0.000336290826624668
"375","(3.37,3.41]",2,7.00729310020379,0,0,0.00033448243628611
"376","(3.37,3.41]",3,11.7126083593814,0,0,0.0001673043611022
"377","(3.37,3.41]",4,17.0659689842142,0,0,9.67427710056499e-05
"378","(3.41,3.45]",0,0,0,0,0.00124227622027317
"379","(3.41,3.45]",1,2.16941650788088,0,0,0.00031916034164532
"380","(3.41,3.45]",2,5.72376058374296,0,0,0.000330236782132571
"381","(3.41,3.45]",3,10.2299664072863,0,0,0.00016352285741682
"382","(3.41,3.45]",4,15.543640627757,0,0,8.95968154241932e-05
"383","(3.45,3.5]",0,0,0,0,0.00118217429686668
"384","(3.45,3.5]",1,1.62948362790463,0,0,0.000306926506721465
"385","(3.45,3.5]",2,5.06588779954973,0,0,0.000312905850173033
"386","(3.45,3.5]",3,9.53298932082894,0,0,0.000150232537172744
"387","(3.45,3.5]",4,14.7163994604389,0,0,8.74863236391036e-05
"388","(3.5,3.54]",0,0,0,0,0.00114190536353236
"389","(3.5,3.54]",1,1.09457295903968,0,0,0.000288578821185962
"390","(3.5,3.54]",2,4.45177399682826,0,0,0.000300812185895335
"391","(3.5,3.54]",3,8.76578553375452,0,0,0.000146498225969305
"392","(3.5,3.54]",4,13.8507000007855,0,0,8.19576765224904e-05
"393","(3.54,3.58]",0,0,0,0,0.00109380554331216
"394","(3.54,3.58]",1,0.542927641177838,0,0,0.000276552225022628
"395","(3.54,3.58]",2,3.8412792704042,0,0,0.000281966207068731
"396","(3.54,3.58]",3,8.05423128335997,0,0,0.000139196852023855
"397","(3.54,3.58]",4,13.0550374784287,0,0,8.04261241099989e-05
"398","(3.58,3.62]",0,0,0,0,0.00105302411452216
"399","(3.58,3.62]",1,0,0,0,0.000267320873126419
"400","(3.58,3.62]",2,2.53103447949456,0,0,0.000274961692779173
"401","(3.58,3.62]",3,6.60390309024203,0,0,0.000133445225354998
"402","(3.58,3.62]",4,11.4238412194376,0,0,7.63122092329706e-05
"403","(3.62,3.67]",0,0,0,0,0.00100477326883028
"404","(3.62,3.67]",1,0,0,0,0.000257397310263765
"405","(3.62,3.67]",2,1.90976266213471,0,0,0.000259405331422634
"406","(3.62,3.67]",3,5.84754305755805,0,0,0.000129194675150934
"407","(3.62,3.67]",4,10.6114560186198,0,0,7.176062444175e-05
"408","(3.67,3.71]",0,0,0,0,0.000978641298582463
"409","(3.67,3.71]",1,0,0,0,0.000245888982713313
"410","(3.67,3.71]",2,1.28056089480913,0,0,0.000252922537924305
"411","(3.67,3.71]",3,5.15817975196759,0,0,0.000123484977911034
"412","(3.67,3.71]",4,9.82103458901869,0,0,7.14173085479077e-05
"413","(3.71,3.75]",0,0,0,0,0.000930994053280143
"414","(3.71,3.75]",1,0,0,0,0.000236343391912921
"415","(3.71,3.75]",2,0.636145528784416,0,0,0.000243707726803103
"416","(3.71,3.75]",3,4.38462423671047,0,0,0.000116266992771567
"417","(3.71,3.75]",4,8.95235113949744,0,0,6.55795026005993e-05
"418","(3.75,3.8]",0,0,0,0,0.000865134393053926
"419","(3.75,3.8]",1,0,0,0,0.00022315501419118
"420","(3.75,3.8]",2,0,0,0,0.000228232797966401
"421","(3.75,3.8]",3,2.92123460708041,0,0,0.00011386576805991
"422","(3.75,3.8]",4,7.36642261620395,0,0,6.47090992871274e-05
"423","(3.8,3.84]",0,0,0,0,0.000865876801733056
"424","(3.8,3.84]",1,0,0,0,0.000215390050569701
"425","(3.8,3.84]",2,0,0,0,0.000220516015992949
"426","(3.8,3.84]",3,2.21420766093828,0,0,0.000105931841737413
"427","(3.8,3.84]",4,6.54244292376562,0,0,6.30659973601778e-05
"428","(3.84,3.88]",0,0,0,0,0.00081830280504127
"429","(3.84,3.88]",1,0,0,0,0.000211280746295173
"430","(3.84,3.88]",2,0,0,0,0.000208638462889899
"431","(3.84,3.88]",3,1.46751014121032,0,0,0.000103753676782437
"432","(3.84,3.88]",4,5.70796875555797,0,0,5.83751824827692e-05
"433","(3.88,3.93]",0,0,0,0,0.000812899424882722
"434","(3.88,3.93]",1,0,0,0,0.000197485444566006
"435","(3.88,3.93]",2,0,0,0,0.000203918018302537
"436","(3.88,3.93]",3,0.733145105999938,0,0,0.000100662993735219
"437","(3.88,3.93]",4,4.91708838339833,0,0,5.44333871147676e-05
"438","(3.93,3.97]",0,0,0,0,0.000744699574515901
"439","(3.93,3.97]",1,0,0,0,0.000191045083654702
"440","(3.93,3.97]",2,0,0,0,0.000196962491689681
"441","(3.93,3.97]",3,0,0,0,9.34445422650651e-05
"442","(3.93,3.97]",4,3.27274635555181,0,0,5.45026936586097e-05
"443","(3.97,4.01]",0,0,0,0,0.000725061164275413
"444","(3.97,4.01]",1,0,0,0,0.000182582259281146
"445","(3.97,4.01]",2,0,0,0,0.00018133300455879
"446","(3.97,4.01]",3,0,0,0,9.05662020687459e-05
"447","(3.97,4.01]",4,2.46132079145599,0,0,5.12515464400905e-05
"448","(4.01,4.06]",0,0,0,0,0.000711001780590756
"449","(4.01,4.06]",1,0,0,0,0.00017735324464899
"450","(4.01,4.06]",2,0,0,0,0.000178283641163093
"451","(4.01,4.06]",3,0,0,0,8.72226248016052e-05
"452","(4.01,4.06]",4,1.62804667503597,0,0,5.00800994647052e-05
"453","(4.06,4.1]",0,0,0,0,0.000673573091984589
"454","(4.06,4.1]",1,0,0,0,0.000167988184305936
"455","(4.06,4.1]",2,0,0,0,0.000175609956448645
"456","(4.06,4.1]",3,0,0,0,8.42444531472236e-05
"457","(4.06,4.1]",4,0.817222428853885,0,0,4.8174463379788e-05
"458","(4.1,7]",0,0,0,0,0.0189484077977294
"459","(4.1,7]",1,0,0,0,0.00465688968281475
"460","(4.1,7]",2,0,0,0,0.00466383178854735
"461","(4.1,7]",3,0,0,0,0.00226539660262292
"462","(4.1,7]",4,0,0,0,0.00129528695454715
