"","id_i","rho_val","D_max_i","marital","kids","ymin_group","mass","actual","optimalc","optimalv"
"1",1,1,44,0,0,"(0.216,0.259]",6.15116551009242e-06,12,44,44
"2",2,1,44,0,0,"(0.259,0.302]",4.92521163246957e-05,12,44,44
"3",3,1,44,0,0,"(0.302,0.345]",0.000179014279352689,12,44,44
"4",4,1,44,0,0,"(0.345,0.388]",0.000426805198139825,12,44,44
"5",5,1,44,0,0,"(0.388,0.432]",0.00077819581789495,12,44,44
"6",6,1,44,0,0,"(0.432,0.475]",0.00122983073586368,12,44,44
"7",7,1,44,0,0,"(0.475,0.518]",0.00173018961517926,12,44,44
"8",8,1,44,0,0,"(0.518,0.561]",0.00228330693180822,12,44,44
"9",9,1,44,0,0,"(0.561,0.604]",0.0028244239419285,12,44,44
"10",10,1,44,0,0,"(0.604,0.647]",0.00347331184660133,12,44,44
"11",11,1,44,0,0,"(0.647,0.69]",0.00409070978808729,12,44,44
"12",12,1,44,0,0,"(0.69,0.734]",0.00461010201982441,12,44,44
"13",13,1,44,0,0,"(0.734,0.777]",0.0051893817337017,12,44,44
"14",14,1,44,0,0,"(0.777,0.82]",0.0056469365787597,12,44,44
"15",15,1,44,0,0,"(0.82,0.863]",0.00587066366177612,12,44,44
"16",16,1,44,0,0,"(0.863,0.906]",0.00759622665795255,12,39,44
"17",17,1,44,0,0,"(0.906,0.949]",0.00653131221932339,12,31,44
"18",18,1,44,0,0,"(0.949,0.993]",0.00666491052103835,12,19,44
"19",19,1,44,0,0,"(0.993,1.04]",0.00533865600131691,12,11,44
"20",20,1,44,0,0,"(1.04,1.08]",0.0067342851250476,12,8,44
"21",21,1,44,0,0,"(1.08,1.12]",0.00670344207771108,12,8,44
"22",22,1,44,0,0,"(1.12,1.17]",0.00666096911261536,12,2,44
"23",23,1,44,0,0,"(1.17,1.21]",0.00655089197958337,12,0,44
"24",24,1,44,0,0,"(1.21,1.25]",0.00635091341010425,12,0,44
"25",25,1,44,0,0,"(1.25,1.29]",0.00627886619669523,12,0,44
"26",26,1,44,0,0,"(1.29,1.34]",0.00614598375846025,11,0,44
"27",27,1,44,0,0,"(1.34,1.38]",0.00583079797725632,10,0,44
"28",28,1,44,0,0,"(1.38,1.42]",0.00577238926322826,9,0,44
"29",29,1,44,0,0,"(1.42,1.47]",0.0055595245230973,8,0,44
"30",30,1,44,0,0,"(1.47,1.51]",0.00538682123914842,6,0,44
"31",31,1,44,0,0,"(1.51,1.55]",0.00514815278519772,5,0,44
"32",32,1,44,0,0,"(1.55,1.6]",0.0049790229799437,4,0,44
"33",33,1,44,0,0,"(1.6,1.64]",0.0047944162924139,3,0,2
"34",34,1,44,0,0,"(1.64,1.68]",0.00451261462042682,1,0,0
"35",35,1,44,0,0,"(1.68,1.73]",0.00442323607166141,0,0,0
"36",36,1,44,0,0,"(1.73,1.77]",0.0042252755239349,0,0,0
"37",37,1,44,0,0,"(1.77,1.81]",0.0040450304740652,0,0,0
"38",38,1,44,0,0,"(1.81,1.86]",0.00390249775782142,0,0,0
"39",39,1,44,0,0,"(1.86,1.9]",0.00364385064488739,0,0,0
"40",40,1,44,0,0,"(1.9,1.94]",0.00354780605951527,0,0,0
"41",41,1,44,0,0,"(1.94,1.99]",0.00344249458673027,0,0,0
"42",42,1,44,0,0,"(1.99,2.03]",0.00320633779962263,0,0,0
"43",43,1,44,0,0,"(2.03,2.07]",0.00308320083138413,0,0,0
"44",44,1,44,0,0,"(2.07,2.11]",0.00295496705773091,0,0,0
"45",45,1,44,0,0,"(2.11,2.16]",0.00282063477076963,0,0,0
"46",46,1,44,0,0,"(2.16,2.2]",0.00274440074003085,0,0,0
"47",47,1,44,0,0,"(2.2,2.24]",0.00256452609289962,0,0,0
"48",48,1,44,0,0,"(2.24,2.29]",0.00245614083031357,0,0,0
"49",49,1,44,0,0,"(2.29,2.33]",0.0023604057677036,0,0,0
"50",50,1,44,0,0,"(2.33,2.37]",0.00223335687613715,0,0,0
"51",51,1,44,0,0,"(2.37,2.42]",0.00218918148285447,0,0,0
"52",52,1,44,0,0,"(2.42,2.46]",0.00198863304896904,0,0,0
"53",53,1,44,0,0,"(2.46,2.5]",0.00199872500425937,0,0,0
"54",54,1,44,0,0,"(2.5,2.55]",0.00190051711555449,0,0,0
"55",55,1,44,0,0,"(2.55,2.59]",0.00174684337651325,0,0,0
"56",56,1,44,0,0,"(2.59,2.63]",0.00168890832197659,0,0,0
"57",57,1,44,0,0,"(2.63,2.68]",0.00163905089993331,0,0,0
"58",58,1,44,0,0,"(2.68,2.72]",0.00156699538750516,0,0,0
"59",59,1,44,0,0,"(2.72,2.76]",0.00152434281540272,0,0,0
"60",60,1,44,0,0,"(2.76,2.8]",0.0014179800992199,0,0,0
"61",61,1,44,0,0,"(2.8,2.85]",0.00135430512222156,0,0,0
"62",62,1,44,0,0,"(2.85,2.89]",0.00129434544821638,0,0,0
"63",63,1,44,0,0,"(2.89,2.93]",0.0012539650565321,0,0,0
"64",64,1,44,0,0,"(2.93,2.98]",0.00118226541260601,0,0,0
"65",65,1,44,0,0,"(2.98,3.02]",0.00114525841711818,0,0,0
"66",66,1,44,0,0,"(3.02,3.06]",0.00108129202341982,0,0,0
"67",67,1,44,0,0,"(3.06,3.11]",0.00104508179735077,0,0,0
"68",68,1,44,0,0,"(3.11,3.15]",0.00101266916060269,0,0,0
"69",69,1,44,0,0,"(3.15,3.19]",0.000940167329074509,0,0,0
"70",70,1,44,0,0,"(3.19,3.24]",0.000924658874048886,0,0,0
"71",71,1,44,0,0,"(3.24,3.28]",0.000873126116018825,0,0,0
"72",72,1,44,0,0,"(3.28,3.32]",0.00084381534034377,0,0,0
"73",73,1,44,0,0,"(3.32,3.37]",0.000819194715163677,0,0,0
"74",74,1,44,0,0,"(3.37,3.41]",0.000754768476065749,0,0,0
"75",75,1,44,0,0,"(3.41,3.45]",0.000747575754948058,0,0,0
"76",76,1,44,0,0,"(3.45,3.5]",0.000702354925493229,0,0,0
"77",77,1,44,0,0,"(3.5,3.54]",0.000678451983411792,0,0,0
"78",78,1,44,0,0,"(3.54,3.58]",0.000652243203241505,0,0,0
"79",79,1,44,0,0,"(3.58,3.62]",0.000628440222860135,0,0,0
"80",80,1,44,0,0,"(3.62,3.67]",0.000597606186402702,0,0,0
"81",81,1,44,0,0,"(3.67,3.71]",0.000581652300333205,0,0,0
"82",82,1,44,0,0,"(3.71,3.75]",0.000554275146059978,0,0,0
"83",83,1,44,0,0,"(3.75,3.8]",0.00051022531122212,0,0,0
"84",84,1,44,0,0,"(3.8,3.84]",0.000516165725449148,0,0,0
"85",85,1,44,0,0,"(3.84,3.88]",0.000483219931710497,0,0,0
"86",86,1,44,0,0,"(3.88,3.93]",0.00048464977283801,0,0,0
"87",87,1,44,0,0,"(3.93,3.97]",0.000440295932352133,0,0,0
"88",88,1,44,0,0,"(3.97,4.01]",0.000429558157819168,0,0,0
"89",89,1,44,0,0,"(4.01,4.06]",0.000421469996685379,0,0,0
"90",90,1,44,0,0,"(4.06,4.1]",0.000398551063181646,0,0,0
"91",91,1,44,0,0,"(4.1,7]",0.0111135021653507,0,0,0
"92",92,1,44,0,1,"(0.173,0.216]",5.44997818776509e-07,17,44,44
"93",93,1,44,0,1,"(0.216,0.259]",8.28118712584186e-06,17,44,44
"94",94,1,44,0,1,"(0.259,0.302]",3.84520510844512e-05,17,44,44
"95",95,1,44,0,1,"(0.302,0.345]",0.000106882796962505,17,44,44
"96",96,1,44,0,1,"(0.345,0.388]",0.000218203236256033,17,44,44
"97",97,1,44,0,1,"(0.388,0.432]",0.000341895052924951,17,44,44
"98",98,1,44,0,1,"(0.432,0.475]",0.000524410144379656,17,44,44
"99",99,1,44,0,1,"(0.475,0.518]",0.000697237016844437,17,44,44
"100",100,1,44,0,1,"(0.518,0.561]",0.000892052967508672,17,44,44
"101",101,1,44,0,1,"(0.561,0.604]",0.0010883180774766,17,44,44
"102",102,1,44,0,1,"(0.604,0.647]",0.00128464909475039,17,44,44
"103",103,1,44,0,1,"(0.647,0.69]",0.00146545634977306,17,44,44
"104",104,1,44,0,1,"(0.69,0.734]",0.00158226312227665,17,44,44
"105",105,1,44,0,1,"(0.734,0.777]",0.00171329352470642,17,44,44
"106",106,1,44,0,1,"(0.777,0.82]",0.00185617657012216,17,44,44
"107",107,1,44,0,1,"(0.82,0.863]",0.00191788514950675,17,44,44
"108",108,1,44,0,1,"(0.863,0.906]",0.00230515151690583,17,44,44
"109",109,1,44,0,1,"(0.906,0.949]",0.00193336083662801,17,44,44
"110",110,1,44,0,1,"(0.949,0.993]",0.00200347059282761,17,44,44
"111",111,1,44,0,1,"(0.993,1.04]",0.00148980973637874,17,44,44
"112",112,1,44,0,1,"(1.04,1.08]",0.00192674758112456,17,44,44
"113",113,1,44,0,1,"(1.08,1.12]",0.0018547467418265,17,39,44
"114",114,1,44,0,1,"(1.12,1.17]",0.00181073837564822,17,29,44
"115",115,1,44,0,1,"(1.17,1.21]",0.00177758009637412,17,20,44
"116",116,1,44,0,1,"(1.21,1.25]",0.0016853655060313,17,19,44
"117",117,1,44,0,1,"(1.25,1.29]",0.00164599432271568,17,17,44
"118",118,1,44,0,1,"(1.29,1.34]",0.00156707495118106,17,8,44
"119",119,1,44,0,1,"(1.34,1.38]",0.00149703159121732,17,8,44
"120",120,1,44,0,1,"(1.38,1.42]",0.00143511318783352,17,3,44
"121",121,1,44,0,1,"(1.42,1.47]",0.00137941395709837,17,0,44
"122",122,1,44,0,1,"(1.47,1.51]",0.00131323565236748,17,0,44
"123",123,1,44,0,1,"(1.51,1.55]",0.00124247428829252,17,0,44
"124",124,1,44,0,1,"(1.55,1.6]",0.00120755708651941,17,0,44
"125",125,1,44,0,1,"(1.6,1.64]",0.0011345290298139,17,0,20
"126",126,1,44,0,1,"(1.64,1.68]",0.00106348071108019,17,0,0
"127",127,1,44,0,1,"(1.68,1.73]",0.00102993796174192,17,0,0
"128",128,1,44,0,1,"(1.73,1.77]",0.000995727032757179,17,0,0
"129",129,1,44,0,1,"(1.77,1.81]",0.00091296180360549,17,0,0
"130",130,1,44,0,1,"(1.81,1.86]",0.000892985483546227,17,0,0
"131",131,1,44,0,1,"(1.86,1.9]",0.000836077055455144,17,0,0
"132",132,1,44,0,1,"(1.9,1.94]",0.00079100176123467,17,0,0
"133",133,1,44,0,1,"(1.94,1.99]",0.000766912602429365,16,0,0
"134",134,1,44,0,1,"(1.99,2.03]",0.000707528107388668,15,0,0
"135",135,1,44,0,1,"(2.03,2.07]",0.000690457694462944,14,0,0
"136",136,1,44,0,1,"(2.07,2.11]",0.000646779546058565,12,0,0
"137",137,1,44,0,1,"(2.11,2.16]",0.000629748344215811,11,0,0
"138",138,1,44,0,1,"(2.16,2.2]",0.000576205641981988,10,0,0
"139",139,1,44,0,1,"(2.2,2.24]",0.000565302047009364,9,0,0
"140",140,1,44,0,1,"(2.24,2.29]",0.000521665928683181,7,0,0
"141",141,1,44,0,1,"(2.29,2.33]",0.000507747113441723,6,0,0
"142",142,1,44,0,1,"(2.33,2.37]",0.000469077433881131,5,0,0
"143",143,1,44,0,1,"(2.37,2.42]",0.000462755225463601,4,0,0
"144",144,1,44,0,1,"(2.42,2.46]",0.000431510252756491,2,0,0
"145",145,1,44,0,1,"(2.46,2.5]",0.000406974024214645,1,0,0
"146",146,1,44,0,1,"(2.5,2.55]",0.000393256500075642,0,0,0
"147",147,1,44,0,1,"(2.55,2.59]",0.0003761023633868,0,0,0
"148",148,1,44,0,1,"(2.59,2.63]",0.000354094275827182,0,0,0
"149",149,1,44,0,1,"(2.63,2.68]",0.000333012038065606,0,0,0
"150",150,1,44,0,1,"(2.68,2.72]",0.000321740182007115,0,0,0
"151",151,1,44,0,1,"(2.72,2.76]",0.000308790666303079,0,0,0
"152",152,1,44,0,1,"(2.76,2.8]",0.000293718507652451,0,0,0
"153",153,1,44,0,1,"(2.8,2.85]",0.000277386315593798,0,0,0
"154",154,1,44,0,1,"(2.85,2.89]",0.000264974367036909,0,0,0
"155",155,1,44,0,1,"(2.89,2.93]",0.000252073570228368,0,0,0
"156",156,1,44,0,1,"(2.93,2.98]",0.000238601230746565,0,0,0
"157",157,1,44,0,1,"(2.98,3.02]",0.000228341577067576,0,0,0
"158",158,1,44,0,1,"(3.02,3.06]",0.000221665556074527,0,0,0
"159",159,1,44,0,1,"(3.06,3.11]",0.000209621430836468,0,0,0
"160",160,1,44,0,1,"(3.11,3.15]",0.000198168331037977,0,0,0
"161",161,1,44,0,1,"(3.15,3.19]",0.000188143468451739,0,0,0
"162",162,1,44,0,1,"(3.19,3.24]",0.000181803653383866,0,0,0
"163",163,1,44,0,1,"(3.24,3.28]",0.000176981240638009,0,0,0
"164",164,1,44,0,1,"(3.28,3.32]",0.000164495052288777,0,0,0
"165",165,1,44,0,1,"(3.32,3.37]",0.000158706857408354,0,0,0
"166",166,1,44,0,1,"(3.37,3.41]",0.000152295339185448,0,0,0
"167",167,1,44,0,1,"(3.41,3.45]",0.000146062413188755,0,0,0
"168",168,1,44,0,1,"(3.45,3.5]",0.000140215934163936,0,0,0
"169",169,1,44,0,1,"(3.5,3.54]",0.000130643534075112,0,0,0
"170",170,1,44,0,1,"(3.54,3.58]",0.00012640437782861,0,0,0
"171",171,1,44,0,1,"(3.58,3.62]",0.000121472211987072,0,0,0
"172",172,1,44,0,1,"(3.62,3.67]",0.000117422228342807,0,0,0
"173",173,1,44,0,1,"(3.67,3.71]",0.000111047823657022,0,0,0
"174",174,1,44,0,1,"(3.71,3.75]",0.000106759151385003,0,0,0
"175",175,1,44,0,1,"(3.75,3.8]",0.000100856609289101,0,0,0
"176",176,1,44,0,1,"(3.8,3.84]",9.7933921138193e-05,0,0,0
"177",177,1,44,0,1,"(3.84,3.88]",9.5525714120282e-05,0,0,0
"178",178,1,44,0,1,"(3.88,3.93]",8.89672286359829e-05,0,0,0
"179",179,1,44,0,1,"(3.93,3.97]",8.60003064715566e-05,0,0,0
"180",180,1,44,0,1,"(3.97,4.01]",8.24101295471166e-05,0,0,0
"181",181,1,44,0,1,"(4.01,4.06]",7.97540227846832e-05,0,0,0
"182",182,1,44,0,1,"(4.06,4.1]",7.54911201017604e-05,0,0,0
"183",183,1,44,0,1,"(4.1,7]",0.0020503433974488,0,0,0
"184",184,1,44,0,2,"(0,0.173]",1.50261732677603e-08,22,44,44
"185",185,1,44,0,2,"(0.173,0.216]",1.61672166008749e-06,22,44,44
"186",186,1,44,0,2,"(0.216,0.259]",1.4196758413633e-05,22,44,44
"187",187,1,44,0,2,"(0.259,0.302]",5.27337250003374e-05,22,44,44
"188",188,1,44,0,2,"(0.302,0.345]",0.000130412471835086,22,44,44
"189",189,1,44,0,2,"(0.345,0.388]",0.000243086076715798,22,44,44
"190",190,1,44,0,2,"(0.388,0.432]",0.000399955049727221,22,44,44
"191",191,1,44,0,2,"(0.432,0.475]",0.000593422358337997,22,44,44
"192",192,1,44,0,2,"(0.475,0.518]",0.000780038720116204,22,44,44
"193",193,1,44,0,2,"(0.518,0.561]",0.00100956869797121,22,44,44
"194",194,1,44,0,2,"(0.561,0.604]",0.00120306212706354,22,44,44
"195",195,1,44,0,2,"(0.604,0.647]",0.00139125674114514,22,44,44
"196",196,1,44,0,2,"(0.647,0.69]",0.00156277423322088,22,44,44
"197",197,1,44,0,2,"(0.69,0.734]",0.00174079824782658,22,44,44
"198",198,1,44,0,2,"(0.734,0.777]",0.00181244650239572,22,44,44
"199",199,1,44,0,2,"(0.777,0.82]",0.00188509748592724,22,44,44
"200",200,1,44,0,2,"(0.82,0.863]",0.00192184484882686,22,44,44
"201",201,1,44,0,2,"(0.863,0.906]",0.0023123417011277,22,44,44
"202",202,1,44,0,2,"(0.906,0.949]",0.00190449468751726,22,44,44
"203",203,1,44,0,2,"(0.949,0.993]",0.00193667176604007,22,44,44
"204",204,1,44,0,2,"(0.993,1.04]",0.00145832896152918,22,44,44
"205",205,1,44,0,2,"(1.04,1.08]",0.00185905274625041,22,44,44
"206",206,1,44,0,2,"(1.08,1.12]",0.00177076426166548,22,44,44
"207",207,1,44,0,2,"(1.12,1.17]",0.00169185791780973,22,44,44
"208",208,1,44,0,2,"(1.17,1.21]",0.00167465515642265,22,44,44
"209",209,1,44,0,2,"(1.21,1.25]",0.00157624054270819,22,39,44
"210",210,1,44,0,2,"(1.25,1.29]",0.00149162044073364,22,38,44
"211",211,1,44,0,2,"(1.29,1.34]",0.00145737648128359,22,20,44
"212",212,1,44,0,2,"(1.34,1.38]",0.00136843979088555,22,20,44
"213",213,1,44,0,2,"(1.38,1.42]",0.00129972668222137,22,20,44
"214",214,1,44,0,2,"(1.42,1.47]",0.00125383011283223,22,11,44
"215",215,1,44,0,2,"(1.47,1.51]",0.00119041366564534,22,9,44
"216",216,1,44,0,2,"(1.51,1.55]",0.00112737106561281,22,8,44
"217",217,1,44,0,2,"(1.55,1.6]",0.00105179709262286,22,2,44
"218",218,1,44,0,2,"(1.6,1.64]",0.00101060242790318,22,0,44
"219",219,1,44,0,2,"(1.64,1.68]",0.000964842598262839,22,0,0
"220",220,1,44,0,2,"(1.68,1.73]",0.000898013482623978,22,0,0
"221",221,1,44,0,2,"(1.73,1.77]",0.000872474929170177,22,0,0
"222",222,1,44,0,2,"(1.77,1.81]",0.000817964901992314,22,0,0
"223",223,1,44,0,2,"(1.81,1.86]",0.000761022318326586,22,0,0
"224",224,1,44,0,2,"(1.86,1.9]",0.000744049657947868,22,0,0
"225",225,1,44,0,2,"(1.9,1.94]",0.000681930939763237,22,0,0
"226",226,1,44,0,2,"(1.94,1.99]",0.000652919228894904,21,0,0
"227",227,1,44,0,2,"(1.99,2.03]",0.000642954440734392,20,0,0
"228",228,1,44,0,2,"(2.03,2.07]",0.000579548865134407,19,0,0
"229",229,1,44,0,2,"(2.07,2.11]",0.000552993840746421,17,0,0
"230",230,1,44,0,2,"(2.11,2.16]",0.000528404656156169,16,0,0
"231",231,1,44,0,2,"(2.16,2.2]",0.000505465238771833,15,0,0
"232",232,1,44,0,2,"(2.2,2.24]",0.000484699175504408,14,0,0
"233",233,1,44,0,2,"(2.24,2.29]",0.00044905547571274,12,0,0
"234",234,1,44,0,2,"(2.29,2.33]",0.000426987439049759,11,0,0
"235",235,1,44,0,2,"(2.33,2.37]",0.000405893330823986,10,0,0
"236",236,1,44,0,2,"(2.37,2.42]",0.000383721462748255,9,0,0
"237",237,1,44,0,2,"(2.42,2.46]",0.000369327705857511,7,0,0
"238",238,1,44,0,2,"(2.46,2.5]",0.000342697688536874,6,0,0
"239",239,1,44,0,2,"(2.5,2.55]",0.000332232587622494,5,0,0
"240",240,1,44,0,2,"(2.55,2.59]",0.000314731579495,4,0,0
"241",241,1,44,0,2,"(2.59,2.63]",0.000298638051567146,2,0,0
"242",242,1,44,0,2,"(2.63,2.68]",0.000283964415801579,1,0,0
"243",243,1,44,0,2,"(2.68,2.72]",0.000267624985884431,0,0,0
"244",244,1,44,0,2,"(2.72,2.76]",0.000256758729867931,0,0,0
"245",245,1,44,0,2,"(2.76,2.8]",0.000244341717004182,0,0,0
"246",246,1,44,0,2,"(2.8,2.85]",0.000230558316533997,0,0,0
"247",247,1,44,0,2,"(2.85,2.89]",0.000220660464478863,0,0,0
"248",248,1,44,0,2,"(2.89,2.93]",0.000210913640518001,0,0,0
"249",249,1,44,0,2,"(2.93,2.98]",0.000200298952273622,0,0,0
"250",250,1,44,0,2,"(2.98,3.02]",0.000189713945282768,0,0,0
"251",251,1,44,0,2,"(3.02,3.06]",0.000182263136405831,0,0,0
"252",252,1,44,0,2,"(3.06,3.11]",0.000172598091464038,0,0,0
"253",253,1,44,0,2,"(3.11,3.15]",0.000169372672991467,0,0,0
"254",254,1,44,0,2,"(3.15,3.19]",0.000153671468466115,0,0,0
"255",255,1,44,0,2,"(3.19,3.24]",0.000151825162544003,0,0,0
"256",256,1,44,0,2,"(3.24,3.28]",0.000142898547666382,0,0,0
"257",257,1,44,0,2,"(3.28,3.32]",0.000135877236825758,0,0,0
"258",258,1,44,0,2,"(3.32,3.37]",0.000132289114210802,0,0,0
"259",259,1,44,0,2,"(3.37,3.41]",0.000121408211929109,0,0,0
"260",260,1,44,0,2,"(3.41,3.45]",0.00012021497359118,0,0,0
"261",261,1,44,0,2,"(3.45,3.5]",0.00011476260907312,0,0,0
"262",262,1,44,0,2,"(3.5,3.54]",0.000109505347738489,0,0,0
"263",263,1,44,0,2,"(3.54,3.58]",0.000101447716040795,0,0,0
"264",264,1,44,0,2,"(3.58,3.62]",0.000100977311538104,0,0,0
"265",265,1,44,0,2,"(3.62,3.67]",9.42711259860923e-05,0,0,0
"266",266,1,44,0,2,"(3.67,3.71]",9.09811821834326e-05,0,0,0
"267",267,1,44,0,2,"(3.71,3.75]",8.86741460670951e-05,0,0,0
"268",268,1,44,0,2,"(3.75,3.8]",8.19251361268545e-05,0,0,0
"269",269,1,44,0,2,"(3.8,3.84]",8.09115840050109e-05,0,0,0
"270",270,1,44,0,2,"(3.84,3.88]",7.4697304468294e-05,0,0,0
"271",271,1,44,0,2,"(3.88,3.93]",7.2806764995038e-05,0,0,0
"272",272,1,44,0,2,"(3.93,3.97]",7.15816357902304e-05,0,0,0
"273",273,1,44,0,2,"(3.97,4.01]",6.53785404375679e-05,0,0,0
"274",274,1,44,0,2,"(4.01,4.06]",6.39408442093394e-05,0,0,0
"275",275,1,44,0,2,"(4.06,4.1]",6.35001187055639e-05,0,0,0
"276",276,1,44,0,2,"(4.1,7]",0.00163373688935113,0,0,0
"277",277,1,44,0,3,"(0,0.173]",7.97410802589256e-08,27,44,44
"278",278,1,44,0,3,"(0.173,0.216]",1.89878102337875e-06,27,44,44
"279",279,1,44,0,3,"(0.216,0.259]",1.13205769461558e-05,27,44,44
"280",280,1,44,0,3,"(0.259,0.302]",3.36535518211414e-05,27,44,44
"281",281,1,44,0,3,"(0.302,0.345]",7.65193665042342e-05,27,44,44
"282",282,1,44,0,3,"(0.345,0.388]",0.000137704586237687,27,44,44
"283",283,1,44,0,3,"(0.388,0.432]",0.000214293396197269,27,44,44
"284",284,1,44,0,3,"(0.432,0.475]",0.000313355520358212,27,44,44
"285",285,1,44,0,3,"(0.475,0.518]",0.000407289481748367,27,44,44
"286",286,1,44,0,3,"(0.518,0.561]",0.000494565357624231,27,44,44
"287",287,1,44,0,3,"(0.561,0.604]",0.00058731498314485,27,44,44
"288",288,1,44,0,3,"(0.604,0.647]",0.000660133708583115,27,44,44
"289",289,1,44,0,3,"(0.647,0.69]",0.000717795236330006,27,44,44
"290",290,1,44,0,3,"(0.69,0.734]",0.000738152849637584,27,44,44
"291",291,1,44,0,3,"(0.734,0.777]",0.000818826062398477,27,44,44
"292",292,1,44,0,3,"(0.777,0.82]",0.000802221742028146,27,44,44
"293",293,1,44,0,3,"(0.82,0.863]",0.000784118443351856,27,44,44
"294",294,1,44,0,3,"(0.863,0.906]",0.000980884218327513,27,44,44
"295",295,1,44,0,3,"(0.906,0.949]",0.000787594043579706,27,44,44
"296",296,1,44,0,3,"(0.949,0.993]",0.000768418501543785,27,44,44
"297",297,1,44,0,3,"(0.993,1.04]",0.000623654225162928,27,44,44
"298",298,1,44,0,3,"(1.04,1.08]",0.000720057855026739,27,44,44
"299",299,1,44,0,3,"(1.08,1.12]",0.000712800477538618,27,44,44
"300",300,1,44,0,3,"(1.12,1.17]",0.000677015090284268,27,44,44
"301",301,1,44,0,3,"(1.17,1.21]",0.000627290622240583,27,44,44
"302",302,1,44,0,3,"(1.21,1.25]",0.000636679819323172,27,44,44
"303",303,1,44,0,3,"(1.25,1.29]",0.000580105931717702,27,39,44
"304",304,1,44,0,3,"(1.29,1.34]",0.000551369719002502,27,38,44
"305",305,1,44,0,3,"(1.34,1.38]",0.000532460993174502,27,36,44
"306",306,1,44,0,3,"(1.38,1.42]",0.000507746429438219,27,20,44
"307",307,1,44,0,3,"(1.42,1.47]",0.00047917022526829,27,19,44
"308",308,1,44,0,3,"(1.47,1.51]",0.000452699293726208,27,19,44
"309",309,1,44,0,3,"(1.51,1.55]",0.000422600793557816,27,9,44
"310",310,1,44,0,3,"(1.55,1.6]",0.000398749601958151,27,8,44
"311",311,1,44,0,3,"(1.6,1.64]",0.000380097102056681,27,8,44
"312",312,1,44,0,3,"(1.64,1.68]",0.00036367106762284,27,0,0
"313",313,1,44,0,3,"(1.68,1.73]",0.000338549965067683,27,0,0
"314",314,1,44,0,3,"(1.73,1.77]",0.000327773892506461,27,0,0
"315",315,1,44,0,3,"(1.77,1.81]",0.000302912385894508,27,0,0
"316",316,1,44,0,3,"(1.81,1.86]",0.000285475440677822,27,0,0
"317",317,1,44,0,3,"(1.86,1.9]",0.000277805853313825,27,0,0
"318",318,1,44,0,3,"(1.9,1.94]",0.000254861799090729,27,0,0
"319",319,1,44,0,3,"(1.94,1.99]",0.0002469453927772,26,0,0
"320",320,1,44,0,3,"(1.99,2.03]",0.000228395603987297,25,0,0
"321",321,1,44,0,3,"(2.03,2.07]",0.000217161157118182,24,0,0
"322",322,1,44,0,3,"(2.07,2.11]",0.000208204815594791,22,0,0
"323",323,1,44,0,3,"(2.11,2.16]",0.000194339675317687,21,0,0
"324",324,1,44,0,3,"(2.16,2.2]",0.000186187711033285,20,0,0
"325",325,1,44,0,3,"(2.2,2.24]",0.000175589720808276,19,0,0
"326",326,1,44,0,3,"(2.24,2.29]",0.000165345900762181,17,0,0
"327",327,1,44,0,3,"(2.29,2.33]",0.000157498265475234,16,0,0
"328",328,1,44,0,3,"(2.33,2.37]",0.00014937749767958,15,0,0
"329",329,1,44,0,3,"(2.37,2.42]",0.000143054295472202,14,0,0
"330",330,1,44,0,3,"(2.42,2.46]",0.000133594377387675,12,0,0
"331",331,1,44,0,3,"(2.46,2.5]",0.000127127707791978,11,0,0
"332",332,1,44,0,3,"(2.5,2.55]",0.000120548922145861,10,0,0
"333",333,1,44,0,3,"(2.55,2.59]",0.000114738640253731,9,0,0
"334",334,1,44,0,3,"(2.59,2.63]",0.00010783051629695,7,0,0
"335",335,1,44,0,3,"(2.63,2.68]",0.000103127660132334,6,0,0
"336",336,1,44,0,3,"(2.68,2.72]",9.77966315272862e-05,5,0,0
"337",337,1,44,0,3,"(2.72,2.76]",9.41564916459813e-05,4,0,0
"338",338,1,44,0,3,"(2.76,2.8]",9.02274355173615e-05,2,0,0
"339",339,1,44,0,3,"(2.8,2.85]",8.36596640331127e-05,1,0,0
"340",340,1,44,0,3,"(2.85,2.89]",8.04194165577033e-05,0,0,0
"341",341,1,44,0,3,"(2.89,2.93]",7.69508142065832e-05,0,0,0
"342",342,1,44,0,3,"(2.93,2.98]",7.17412018684858e-05,0,0,0
"343",343,1,44,0,3,"(2.98,3.02]",6.92264619494882e-05,0,0,0
"344",344,1,44,0,3,"(3.02,3.06]",6.43088989743382e-05,0,0,0
"345",345,1,44,0,3,"(3.06,3.11]",6.48797381726635e-05,0,0,0
"346",346,1,44,0,3,"(3.11,3.15]",6.01929366248795e-05,0,0,0
"347",347,1,44,0,3,"(3.15,3.19]",5.40656508238282e-05,0,0,0
"348",348,1,44,0,3,"(3.19,3.24]",5.6013851376202e-05,0,0,0
"349",349,1,44,0,3,"(3.24,3.28]",5.21247030165284e-05,0,0,0
"350",350,1,44,0,3,"(3.28,3.32]",4.89996440120065e-05,0,0,0
"351",351,1,44,0,3,"(3.32,3.37]",4.71485140538566e-05,0,0,0
"352",352,1,44,0,3,"(3.37,3.41]",4.48312074517882e-05,0,0,0
"353",353,1,44,0,3,"(3.41,3.45]",4.40347618312822e-05,0,0,0
"354",354,1,44,0,3,"(3.45,3.5]",4.00659854412975e-05,0,0,0
"355",355,1,44,0,3,"(3.5,3.54]",3.94838901424354e-05,0,0,0
"356",356,1,44,0,3,"(3.54,3.58]",3.72765211042404e-05,0,0,0
"357",357,1,44,0,3,"(3.58,3.62]",3.55275213438962e-05,0,0,0
"358",358,1,44,0,3,"(3.62,3.67]",3.47607469318952e-05,0,0,0
"359",359,1,44,0,3,"(3.67,3.71]",3.24910189491967e-05,0,0,0
"360",360,1,44,0,3,"(3.71,3.75]",3.13024803656248e-05,0,0,0
"361",361,1,44,0,3,"(3.75,3.8]",3.07086125053098e-05,0,0,0
"362",362,1,44,0,3,"(3.8,3.84]",2.77468098999862e-05,0,0,0
"363",363,1,44,0,3,"(3.84,3.88]",2.76238903493949e-05,0,0,0
"364",364,1,44,0,3,"(3.88,3.93]",2.68624125229407e-05,0,0,0
"365",365,1,44,0,3,"(3.93,3.97]",2.47673917568731e-05,0,0,0
"366",366,1,44,0,3,"(3.97,4.01]",2.3876398707126e-05,0,0,0
"367",367,1,44,0,3,"(4.01,4.06]",2.31993269502369e-05,0,0,0
"368",368,1,44,0,3,"(4.06,4.1]",2.23243582265942e-05,0,0,0
"369",369,1,44,0,3,"(4.1,7]",0.000582984536210264,0,0,0
"370",370,1,44,0,4,"(0,0.173]",4.73313847332447e-07,32,44,44
"371",371,1,44,0,4,"(0.173,0.216]",3.93610875563349e-06,32,44,44
"372",372,1,44,0,4,"(0.216,0.259]",1.50342830287165e-05,32,44,44
"373",373,1,44,0,4,"(0.259,0.302]",3.73054618034465e-05,32,44,44
"374",374,1,44,0,4,"(0.302,0.345]",7.34208751755915e-05,32,44,44
"375",375,1,44,0,4,"(0.345,0.388]",0.000117392102081902,32,44,44
"376",376,1,44,0,4,"(0.388,0.432]",0.000166327413916744,32,44,44
"377",377,1,44,0,4,"(0.432,0.475]",0.00021691303950131,32,44,44
"378",378,1,44,0,4,"(0.475,0.518]",0.000262737454404001,32,44,44
"379",379,1,44,0,4,"(0.518,0.561]",0.000301898329575543,32,44,44
"380",380,1,44,0,4,"(0.561,0.604]",0.000323131089810289,32,44,44
"381",381,1,44,0,4,"(0.604,0.647]",0.000358577927468171,32,44,44
"382",382,1,44,0,4,"(0.647,0.69]",0.000359860009950866,32,44,44
"383",383,1,44,0,4,"(0.69,0.734]",0.000373664839221922,32,44,44
"384",384,1,44,0,4,"(0.734,0.777]",0.000389137232981168,32,44,44
"385",385,1,44,0,4,"(0.777,0.82]",0.00036358915953399,32,44,44
"386",386,1,44,0,4,"(0.82,0.863]",0.000385021108121316,32,44,44
"387",387,1,44,0,4,"(0.863,0.906]",0.000428242070048844,32,44,44
"388",388,1,44,0,4,"(0.906,0.949]",0.000350533179343516,32,44,44
"389",389,1,44,0,4,"(0.949,0.993]",0.000332539912821312,32,44,44
"390",390,1,44,0,4,"(0.993,1.04]",0.000255354897243876,32,44,44
"391",391,1,44,0,4,"(1.04,1.08]",0.00032031816634899,32,44,44
"392",392,1,44,0,4,"(1.08,1.12]",0.000291813490287861,32,44,44
"393",393,1,44,0,4,"(1.12,1.17]",0.000292733598810063,32,44,44
"394",394,1,44,0,4,"(1.17,1.21]",0.000262878387251938,32,44,44
"395",395,1,44,0,4,"(1.21,1.25]",0.000252218434176323,32,39,44
"396",396,1,44,0,4,"(1.25,1.29]",0.000241532947777247,32,38,44
"397",397,1,44,0,4,"(1.29,1.34]",0.000231004158302353,32,20,44
"398",398,1,44,0,4,"(1.34,1.38]",0.000214356325869864,32,20,44
"399",399,1,44,0,4,"(1.38,1.42]",0.000203261204117112,32,9,44
"400",400,1,44,0,4,"(1.42,1.47]",0.000191485302334598,32,9,44
"401",401,1,44,0,4,"(1.47,1.51]",0.00017944445036631,32,8,44
"402",402,1,44,0,4,"(1.51,1.55]",0.00017186214250017,32,2,44
"403",403,1,44,0,4,"(1.55,1.6]",0.000161488068339586,32,2,44
"404",404,1,44,0,4,"(1.6,1.64]",0.000152959230367806,32,0,44
"405",405,1,44,0,4,"(1.64,1.68]",0.000142885643208194,32,0,0
"406",406,1,44,0,4,"(1.68,1.73]",0.000136902303173273,32,0,0
"407",407,1,44,0,4,"(1.73,1.77]",0.000127973832762291,32,0,0
"408",408,1,44,0,4,"(1.77,1.81]",0.000117938412943864,32,0,0
"409",409,1,44,0,4,"(1.81,1.86]",0.000120412893726266,32,0,0
"410",410,1,44,0,4,"(1.86,1.9]",0.000104444224168141,32,0,0
"411",411,1,44,0,4,"(1.9,1.94]",0.000100665482083105,32,0,0
"412",412,1,44,0,4,"(1.94,1.99]",9.5859238427256e-05,31,0,0
"413",413,1,44,0,4,"(1.99,2.03]",9.2323517798475e-05,30,0,0
"414",414,1,44,0,4,"(2.03,2.07]",8.51582985772572e-05,29,0,0
"415",415,1,44,0,4,"(2.07,2.11]",8.09018139435984e-05,27,0,0
"416",416,1,44,0,4,"(2.11,2.16]",7.67616066107187e-05,26,0,0
"417",417,1,44,0,4,"(2.16,2.2]",7.20024556003428e-05,25,0,0
"418",418,1,44,0,4,"(2.2,2.24]",6.9988916008384e-05,24,0,0
"419",419,1,44,0,4,"(2.24,2.29]",6.55485370561164e-05,22,0,0
"420",420,1,44,0,4,"(2.29,2.33]",6.07619428440121e-05,21,0,0
"421",421,1,44,0,4,"(2.33,2.37]",5.84251526550122e-05,20,0,0
"422",422,1,44,0,4,"(2.37,2.42]",5.52146309506601e-05,19,0,0
"423",423,1,44,0,4,"(2.42,2.46]",5.29817080901259e-05,17,0,0
"424",424,1,44,0,4,"(2.46,2.5]",4.97594653643822e-05,16,0,0
"425",425,1,44,0,4,"(2.5,2.55]",4.79034321802016e-05,15,0,0
"426",426,1,44,0,4,"(2.55,2.59]",4.45761258192996e-05,14,0,0
"427",427,1,44,0,4,"(2.59,2.63]",4.26302840592886e-05,12,0,0
"428",428,1,44,0,4,"(2.63,2.68]",4.08436601601814e-05,11,0,0
"429",429,1,44,0,4,"(2.68,2.72]",3.77936888824587e-05,10,0,0
"430",430,1,44,0,4,"(2.72,2.76]",3.70131606183191e-05,9,0,0
"431",431,1,44,0,4,"(2.76,2.8]",3.47151148974185e-05,7,0,0
"432",432,1,44,0,4,"(2.8,2.85]",3.27179275659429e-05,6,0,0
"433",433,1,44,0,4,"(2.85,2.89]",3.15282243975735e-05,5,0,0
"434",434,1,44,0,4,"(2.89,2.93]",3.01062573974703e-05,4,0,0
"435",435,1,44,0,4,"(2.93,2.98]",2.77015947191529e-05,2,0,0
"436",436,1,44,0,4,"(2.98,3.02]",2.75473058872929e-05,1,0,0
"437",437,1,44,0,4,"(3.02,3.06]",2.53890091504587e-05,0,0,0
"438",438,1,44,0,4,"(3.06,3.11]",2.48539388198109e-05,0,0,0
"439",439,1,44,0,4,"(3.11,3.15]",2.27852890174854e-05,0,0,0
"440",440,1,44,0,4,"(3.15,3.19]",2.24944854995261e-05,0,0,0
"441",441,1,44,0,4,"(3.19,3.24]",2.10316703721912e-05,0,0,0
"442",442,1,44,0,4,"(3.24,3.28]",2.04956250253553e-05,0,0,0
"443",443,1,44,0,4,"(3.28,3.32]",1.96477842385359e-05,0,0,0
"444",444,1,44,0,4,"(3.32,3.37]",1.81067959260944e-05,0,0,0
"445",445,1,44,0,4,"(3.37,3.41]",1.81232886518709e-05,0,0,0
"446",446,1,44,0,4,"(3.41,3.45]",1.6298883827081e-05,0,0,0
"447",447,1,44,0,4,"(3.45,3.5]",1.59594521947542e-05,0,0,0
"448",448,1,44,0,4,"(3.5,3.54]",1.5182900623994e-05,0,0,0
"449",449,1,44,0,4,"(3.54,3.58]",1.48032450786995e-05,0,0,0
"450",450,1,44,0,4,"(3.58,3.62]",1.40423119914021e-05,0,0,0
"451",451,1,44,0,4,"(3.62,3.67]",1.31848775084946e-05,0,0,0
"452",452,1,44,0,4,"(3.67,3.71]",1.29679870892726e-05,0,0,0
"453",453,1,44,0,4,"(3.71,3.75]",1.22076176156765e-05,0,0,0
"454",454,1,44,0,4,"(3.75,3.8]",1.17452579023627e-05,0,0,0
"455",455,1,44,0,4,"(3.8,3.84]",1.14902863402632e-05,0,0,0
"456",456,1,44,0,4,"(3.84,3.88]",1.07746513811061e-05,0,0,0
"457",457,1,44,0,4,"(3.88,3.93]",9.8244245395929e-06,0,0,0
"458",458,1,44,0,4,"(3.93,3.97]",9.90932064886677e-06,0,0,0
"459",459,1,44,0,4,"(3.97,4.01]",9.2027141576681e-06,0,0,0
"460",460,1,44,0,4,"(4.01,4.06]",9.31372975521329e-06,0,0,0
"461",461,1,44,0,4,"(4.06,4.1]",8.80521140782513e-06,0,0,0
"462",462,1,44,0,4,"(4.1,7]",0.00022847495088115,0,0,0
"463",463,1,44,1,0,"(0.216,0.259]",2.4246696823961e-06,24,44,44
"464",464,1,44,1,0,"(0.259,0.302]",2.02210940705021e-05,24,44,44
"465",465,1,44,1,0,"(0.302,0.345]",7.51529503253824e-05,24,44,44
"466",466,1,44,1,0,"(0.345,0.388]",0.000185715401642121,24,44,44
"467",467,1,44,1,0,"(0.388,0.432]",0.000335798107812577,24,44,44
"468",468,1,44,1,0,"(0.432,0.475]",0.000544929784693565,24,44,44
"469",469,1,44,1,0,"(0.475,0.518]",0.0007386652076132,24,44,44
"470",470,1,44,1,0,"(0.518,0.561]",0.000937760707004082,24,44,44
"471",471,1,44,1,0,"(0.561,0.604]",0.00118155369157861,24,44,44
"472",472,1,44,1,0,"(0.604,0.647]",0.00135823194190359,24,44,44
"473",473,1,44,1,0,"(0.647,0.69]",0.00161264261362639,24,44,44
"474",474,1,44,1,0,"(0.69,0.734]",0.00174147284968376,24,44,44
"475",475,1,44,1,0,"(0.734,0.777]",0.00197154239917708,24,44,44
"476",476,1,44,1,0,"(0.777,0.82]",0.00215007985352558,24,44,44
"477",477,1,44,1,0,"(0.82,0.863]",0.00227071228060267,24,44,44
"478",478,1,44,1,0,"(0.863,0.906]",0.0029521160305811,24,44,19
"479",479,1,44,1,0,"(0.906,0.949]",0.00266748503190456,24,44,0
"480",480,1,44,1,0,"(0.949,0.993]",0.00271862088983517,24,44,0
"481",481,1,44,1,0,"(0.993,1.04]",0.00223422235844244,24,44,0
"482",482,1,44,1,0,"(1.04,1.08]",0.00288834852373617,24,44,0
"483",483,1,44,1,0,"(1.08,1.12]",0.00292078004846336,24,44,0
"484",484,1,44,1,0,"(1.12,1.17]",0.00298290733259179,24,44,0
"485",485,1,44,1,0,"(1.17,1.21]",0.00298752085838925,24,39,0
"486",486,1,44,1,0,"(1.21,1.25]",0.00302820926671543,24,23,0
"487",487,1,44,1,0,"(1.25,1.29]",0.00300078585350857,24,0,0
"488",488,1,44,1,0,"(1.29,1.34]",0.00298777650171369,24,0,0
"489",489,1,44,1,0,"(1.34,1.38]",0.00293890891469082,24,0,0
"490",490,1,44,1,0,"(1.38,1.42]",0.00289074912938071,24,0,0
"491",491,1,44,1,0,"(1.42,1.47]",0.00283612365455261,24,0,0
"492",492,1,44,1,0,"(1.47,1.51]",0.00281609652100108,24,0,0
"493",493,1,44,1,0,"(1.51,1.55]",0.00277770526913991,24,0,0
"494",494,1,44,1,0,"(1.55,1.6]",0.00266837596338256,24,0,0
"495",495,1,44,1,0,"(1.6,1.64]",0.00259475014137376,24,0,0
"496",496,1,44,1,0,"(1.64,1.68]",0.00252757874313277,24,0,0
"497",497,1,44,1,0,"(1.68,1.73]",0.00246613758818704,24,0,0
"498",498,1,44,1,0,"(1.73,1.77]",0.00240094924176416,24,0,0
"499",499,1,44,1,0,"(1.77,1.81]",0.00230154775958901,24,0,0
"500",500,1,44,1,0,"(1.81,1.86]",0.00225383549880013,24,0,0
"501",501,1,44,1,0,"(1.86,1.9]",0.00215485853664258,24,0,0
"502",502,1,44,1,0,"(1.9,1.94]",0.00206844630514369,24,0,0
"503",503,1,44,1,0,"(1.94,1.99]",0.0020332495317644,24,0,0
"504",504,1,44,1,0,"(1.99,2.03]",0.00192697356826785,24,0,0
"505",505,1,44,1,0,"(2.03,2.07]",0.00186914287441916,24,0,0
"506",506,1,44,1,0,"(2.07,2.11]",0.00179865084296754,24,0,0
"507",507,1,44,1,0,"(2.11,2.16]",0.00172476423552579,24,0,0
"508",508,1,44,1,0,"(2.16,2.2]",0.00168049587622259,24,0,0
"509",509,1,44,1,0,"(2.2,2.24]",0.00158099807242613,24,0,0
"510",510,1,44,1,0,"(2.24,2.29]",0.00153204366192547,24,0,0
"511",511,1,44,1,0,"(2.29,2.33]",0.00149085512787222,24,0,0
"512",512,1,44,1,0,"(2.33,2.37]",0.00138279280126827,24,0,0
"513",513,1,44,1,0,"(2.37,2.42]",0.0013923442184375,24,0,0
"514",514,1,44,1,0,"(2.42,2.46]",0.00126668290703487,24,0,0
"515",515,1,44,1,0,"(2.46,2.5]",0.00127441128703103,24,0,0
"516",516,1,44,1,0,"(2.5,2.55]",0.00120361853603828,24,0,0
"517",517,1,44,1,0,"(2.55,2.59]",0.00113198756142443,24,0,0
"518",518,1,44,1,0,"(2.59,2.63]",0.00109853933846841,23,0,0
"519",519,1,44,1,0,"(2.63,2.68]",0.00105363614116648,22,0,0
"520",520,1,44,1,0,"(2.68,2.72]",0.00101178377608372,21,0,0
"521",521,1,44,1,0,"(2.72,2.76]",0.00099443997597498,19,0,0
"522",522,1,44,1,0,"(2.76,2.8]",0.000915353738415258,18,0,0
"523",523,1,44,1,0,"(2.8,2.85]",0.000893621955732284,17,0,0
"524",524,1,44,1,0,"(2.85,2.89]",0.000855808238673609,16,0,0
"525",525,1,44,1,0,"(2.89,2.93]",0.000837253694531915,14,0,0
"526",526,1,44,1,0,"(2.93,2.98]",0.000769502814364847,13,0,0
"527",527,1,44,1,0,"(2.98,3.02]",0.000757327775154626,12,0,0
"528",528,1,44,1,0,"(3.02,3.06]",0.000720709579443374,11,0,0
"529",529,1,44,1,0,"(3.06,3.11]",0.000700249552787641,9,0,0
"530",530,1,44,1,0,"(3.11,3.15]",0.00067247709453839,8,0,0
"531",531,1,44,1,0,"(3.15,3.19]",0.000631705914238986,7,0,0
"532",532,1,44,1,0,"(3.19,3.24]",0.000608669424219331,6,0,0
"533",533,1,44,1,0,"(3.24,3.28]",0.000592528095009169,4,0,0
"534",534,1,44,1,0,"(3.28,3.32]",0.000565234657425617,3,0,0
"535",535,1,44,1,0,"(3.32,3.37]",0.000547407928304341,2,0,0
"536",536,1,44,1,0,"(3.37,3.41]",0.000522060367243534,1,0,0
"537",537,1,44,1,0,"(3.41,3.45]",0.000494700465325114,0,0,0
"538",538,1,44,1,0,"(3.45,3.5]",0.000479819371373449,0,0,0
"539",539,1,44,1,0,"(3.5,3.54]",0.000463453380120566,0,0,0
"540",540,1,44,1,0,"(3.54,3.58]",0.000441562340070651,0,0,0
"541",541,1,44,1,0,"(3.58,3.62]",0.000424583891662028,0,0,0
"542",542,1,44,1,0,"(3.62,3.67]",0.000407167082427581,0,0,0
"543",543,1,44,1,0,"(3.67,3.71]",0.000396988998249258,0,0,0
"544",544,1,44,1,0,"(3.71,3.75]",0.000376718907220165,0,0,0
"545",545,1,44,1,0,"(3.75,3.8]",0.000354909081831805,0,0,0
"546",546,1,44,1,0,"(3.8,3.84]",0.000349711076283909,0,0,0
"547",547,1,44,1,0,"(3.84,3.88]",0.000335082873330773,0,0,0
"548",548,1,44,1,0,"(3.88,3.93]",0.000328249652044712,0,0,0
"549",549,1,44,1,0,"(3.93,3.97]",0.000304403642163767,0,0,0
"550",550,1,44,1,0,"(3.97,4.01]",0.000295503006456246,0,0,0
"551",551,1,44,1,0,"(4.01,4.06]",0.000289531783905378,0,0,0
"552",552,1,44,1,0,"(4.06,4.1]",0.000275022028802943,0,0,0
"553",553,1,44,1,0,"(4.1,7]",0.00783490563237862,0,0,0
"554",554,1,44,1,1,"(0.173,0.216]",6.57559281566206e-07,29,44,44
"555",555,1,44,1,1,"(0.216,0.259]",8.994936767334e-06,29,44,44
"556",556,1,44,1,1,"(0.259,0.302]",3.92604600085106e-05,29,44,44
"557",557,1,44,1,1,"(0.302,0.345]",0.000104893561191855,29,44,44
"558",558,1,44,1,1,"(0.345,0.388]",0.000204516024367889,29,44,44
"559",559,1,44,1,1,"(0.388,0.432]",0.000313105025587494,29,44,44
"560",560,1,44,1,1,"(0.432,0.475]",0.000459392631322172,29,44,44
"561",561,1,44,1,1,"(0.475,0.518]",0.000569781558519504,29,44,44
"562",562,1,44,1,1,"(0.518,0.561]",0.000719555042640441,29,44,44
"563",563,1,44,1,1,"(0.561,0.604]",0.000833557416999478,29,44,44
"564",564,1,44,1,1,"(0.604,0.647]",0.000968098663943959,29,44,44
"565",565,1,44,1,1,"(0.647,0.69]",0.00110255237682002,29,44,44
"566",566,1,44,1,1,"(0.69,0.734]",0.00118716251350305,29,44,44
"567",567,1,44,1,1,"(0.734,0.777]",0.00127546149050994,29,44,44
"568",568,1,44,1,1,"(0.777,0.82]",0.00138747635919642,29,44,44
"569",569,1,44,1,1,"(0.82,0.863]",0.00144075183377364,29,44,44
"570",570,1,44,1,1,"(0.863,0.906]",0.00180562275644489,29,44,44
"571",571,1,44,1,1,"(0.906,0.949]",0.00153732922305082,29,44,44
"572",572,1,44,1,1,"(0.949,0.993]",0.00155491806012203,29,44,0
"573",573,1,44,1,1,"(0.993,1.04]",0.00125921446735809,29,44,0
"574",574,1,44,1,1,"(1.04,1.08]",0.00160549262197255,29,44,0
"575",575,1,44,1,1,"(1.08,1.12]",0.00155206641595946,29,44,0
"576",576,1,44,1,1,"(1.12,1.17]",0.00159326681179958,29,44,0
"577",577,1,44,1,1,"(1.17,1.21]",0.00153662335688597,29,44,0
"578",578,1,44,1,1,"(1.21,1.25]",0.00150138371399071,29,44,0
"579",579,1,44,1,1,"(1.25,1.29]",0.00148501282693966,29,44,0
"580",580,1,44,1,1,"(1.29,1.34]",0.00143698689035432,29,44,0
"581",581,1,44,1,1,"(1.34,1.38]",0.00139302889609176,29,44,0
"582",582,1,44,1,1,"(1.38,1.42]",0.00136167453265617,29,44,0
"583",583,1,44,1,1,"(1.42,1.47]",0.00131651173576675,29,39,0
"584",584,1,44,1,1,"(1.47,1.51]",0.00126584514559312,29,2,0
"585",585,1,44,1,1,"(1.51,1.55]",0.00121918835921938,29,0,0
"586",586,1,44,1,1,"(1.55,1.6]",0.00118822563707834,29,0,0
"587",587,1,44,1,1,"(1.6,1.64]",0.00112830913500498,29,0,0
"588",588,1,44,1,1,"(1.64,1.68]",0.00108452382617837,29,0,0
"589",589,1,44,1,1,"(1.68,1.73]",0.00104015605203845,29,0,0
"590",590,1,44,1,1,"(1.73,1.77]",0.00101250833915913,29,0,0
"591",591,1,44,1,1,"(1.77,1.81]",0.000954724822092227,29,0,0
"592",592,1,44,1,1,"(1.81,1.86]",0.000924603533162189,29,0,0
"593",593,1,44,1,1,"(1.86,1.9]",0.000875833763417633,29,0,0
"594",594,1,44,1,1,"(1.9,1.94]",0.000834207199528505,29,0,0
"595",595,1,44,1,1,"(1.94,1.99]",0.000809554324247843,29,0,0
"596",596,1,44,1,1,"(1.99,2.03]",0.000761150206132457,29,0,0
"597",597,1,44,1,1,"(2.03,2.07]",0.000737786753898051,29,0,0
"598",598,1,44,1,1,"(2.07,2.11]",0.000693475797421474,29,0,0
"599",599,1,44,1,1,"(2.11,2.16]",0.000679679694490488,29,0,0
"600",600,1,44,1,1,"(2.16,2.2]",0.000633797283701678,29,0,0
"601",601,1,44,1,1,"(2.2,2.24]",0.00061627867351025,29,0,0
"602",602,1,44,1,1,"(2.24,2.29]",0.000577677068173089,29,0,0
"603",603,1,44,1,1,"(2.29,2.33]",0.000556062543518349,29,0,0
"604",604,1,44,1,1,"(2.33,2.37]",0.000528124003872483,29,0,0
"605",605,1,44,1,1,"(2.37,2.42]",0.000509259097435113,29,0,0
"606",606,1,44,1,1,"(2.42,2.46]",0.000484591578446845,29,0,0
"607",607,1,44,1,1,"(2.46,2.5]",0.000456500338498699,29,0,0
"608",608,1,44,1,1,"(2.5,2.55]",0.000446363448252496,29,0,0
"609",609,1,44,1,1,"(2.55,2.59]",0.000420507795821692,29,0,0
"610",610,1,44,1,1,"(2.59,2.63]",0.000401357565572258,28,0,0
"611",611,1,44,1,1,"(2.63,2.68]",0.000381080937261904,27,0,0
"612",612,1,44,1,1,"(2.68,2.72]",0.000366762201235347,26,0,0
"613",613,1,44,1,1,"(2.72,2.76]",0.000354464700641253,24,0,0
"614",614,1,44,1,1,"(2.76,2.8]",0.000336869781266641,23,0,0
"615",615,1,44,1,1,"(2.8,2.85]",0.000317940297695729,22,0,0
"616",616,1,44,1,1,"(2.85,2.89]",0.000304034078899744,21,0,0
"617",617,1,44,1,1,"(2.89,2.93]",0.000295665928389769,19,0,0
"618",618,1,44,1,1,"(2.93,2.98]",0.000279236656570962,18,0,0
"619",619,1,44,1,1,"(2.98,3.02]",0.00026540250001688,17,0,0
"620",620,1,44,1,1,"(3.02,3.06]",0.0002544192554298,16,0,0
"621",621,1,44,1,1,"(3.06,3.11]",0.000248196290394443,14,0,0
"622",622,1,44,1,1,"(3.11,3.15]",0.000232159292797918,13,0,0
"623",623,1,44,1,1,"(3.15,3.19]",0.000222192199188384,12,0,0
"624",624,1,44,1,1,"(3.19,3.24]",0.000212348502304425,11,0,0
"625",625,1,44,1,1,"(3.24,3.28]",0.000208821361898852,9,0,0
"626",626,1,44,1,1,"(3.28,3.32]",0.00019686421316907,8,0,0
"627",627,1,44,1,1,"(3.32,3.37]",0.000186345102220516,7,0,0
"628",628,1,44,1,1,"(3.37,3.41]",0.000183995487439219,6,0,0
"629",629,1,44,1,1,"(3.41,3.45]",0.000173097928456565,4,0,0
"630",630,1,44,1,1,"(3.45,3.5]",0.000166710572557529,3,0,0
"631",631,1,44,1,1,"(3.5,3.54]",0.00015793528711085,2,0,0
"632",632,1,44,1,1,"(3.54,3.58]",0.000150147847194018,1,0,0
"633",633,1,44,1,1,"(3.58,3.62]",0.000145848661139347,0,0,0
"634",634,1,44,1,1,"(3.62,3.67]",0.000139975081920958,0,0,0
"635",635,1,44,1,1,"(3.67,3.71]",0.000134841159056291,0,0,0
"636",636,1,44,1,1,"(3.71,3.75]",0.000129584240527918,0,0,0
"637",637,1,44,1,1,"(3.75,3.8]",0.000122298404902079,0,0,0
"638",638,1,44,1,1,"(3.8,3.84]",0.000117456129431508,0,0,0
"639",639,1,44,1,1,"(3.84,3.88]",0.000115755032174891,0,0,0
"640",640,1,44,1,1,"(3.88,3.93]",0.000108518215930023,0,0,0
"641",641,1,44,1,1,"(3.93,3.97]",0.000105044777183146,0,0,0
"642",642,1,44,1,1,"(3.97,4.01]",0.00010017212973403,0,0,0
"643",643,1,44,1,1,"(4.01,4.06]",9.75992218643066e-05,0,0,0
"644",644,1,44,1,1,"(4.06,4.1]",9.24970642041753e-05,0,0,0
"645",645,1,44,1,1,"(4.1,7]",0.00260654628536596,0,0,0
"646",646,1,44,1,2,"(0,0.173]",2.98636872665616e-08,34,44,44
"647",647,1,44,1,2,"(0.173,0.216]",2.55646657542793e-06,34,44,44
"648",648,1,44,1,2,"(0.216,0.259]",2.10209878682833e-05,34,44,44
"649",649,1,44,1,2,"(0.259,0.302]",7.37261733426667e-05,34,44,44
"650",650,1,44,1,2,"(0.302,0.345]",0.000175794095546964,34,44,44
"651",651,1,44,1,2,"(0.345,0.388]",0.000321626545225255,34,44,44
"652",652,1,44,1,2,"(0.388,0.432]",0.000493113529166161,34,44,44
"653",653,1,44,1,2,"(0.432,0.475]",0.000696281682667024,34,44,44
"654",654,1,44,1,2,"(0.475,0.518]",0.00091265202461901,34,44,44
"655",655,1,44,1,2,"(0.518,0.561]",0.00113083050619555,34,44,44
"656",656,1,44,1,2,"(0.561,0.604]",0.00135637371106226,34,44,44
"657",657,1,44,1,2,"(0.604,0.647]",0.00157725957223499,34,44,44
"658",658,1,44,1,2,"(0.647,0.69]",0.00177380153152712,34,44,44
"659",659,1,44,1,2,"(0.69,0.734]",0.00196497855458011,34,44,44
"660",660,1,44,1,2,"(0.734,0.777]",0.00208894393499684,34,44,44
"661",661,1,44,1,2,"(0.777,0.82]",0.00221755629696862,34,44,44
"662",662,1,44,1,2,"(0.82,0.863]",0.00229056215301122,34,44,44
"663",663,1,44,1,2,"(0.863,0.906]",0.00285955440435429,34,44,44
"664",664,1,44,1,2,"(0.906,0.949]",0.00237729262248418,34,44,44
"665",665,1,44,1,2,"(0.949,0.993]",0.00242112716707647,34,44,44
"666",666,1,44,1,2,"(0.993,1.04]",0.0019265055509099,34,44,0
"667",667,1,44,1,2,"(1.04,1.08]",0.00243162751311037,34,44,0
"668",668,1,44,1,2,"(1.08,1.12]",0.00233580010934459,34,44,0
"669",669,1,44,1,2,"(1.12,1.17]",0.00231200730426248,34,44,0
"670",670,1,44,1,2,"(1.17,1.21]",0.00225926233167505,34,44,0
"671",671,1,44,1,2,"(1.21,1.25]",0.00220350616735345,34,44,0
"672",672,1,44,1,2,"(1.25,1.29]",0.0021192057696595,34,44,0
"673",673,1,44,1,2,"(1.29,1.34]",0.00205517784614143,34,44,0
"674",674,1,44,1,2,"(1.34,1.38]",0.00198237235552973,34,44,0
"675",675,1,44,1,2,"(1.38,1.42]",0.0019143285964026,34,44,0
"676",676,1,44,1,2,"(1.42,1.47]",0.00182248921008771,34,44,0
"677",677,1,44,1,2,"(1.47,1.51]",0.00175806575096054,34,44,0
"678",678,1,44,1,2,"(1.51,1.55]",0.00168721961167065,34,44,0
"679",679,1,44,1,2,"(1.55,1.6]",0.00160369024843283,34,44,0
"680",680,1,44,1,2,"(1.6,1.64]",0.00153772059709375,34,44,0
"681",681,1,44,1,2,"(1.64,1.68]",0.00146779066117149,34,44,0
"682",682,1,44,1,2,"(1.68,1.73]",0.00139612233373669,34,39,0
"683",683,1,44,1,2,"(1.73,1.77]",0.0013450449609677,34,18,0
"684",684,1,44,1,2,"(1.77,1.81]",0.00127751901449091,34,0,0
"685",685,1,44,1,2,"(1.81,1.86]",0.00119695603684268,34,0,0
"686",686,1,44,1,2,"(1.86,1.9]",0.00116582764048436,34,0,0
"687",687,1,44,1,2,"(1.9,1.94]",0.00108981812258949,34,0,0
"688",688,1,44,1,2,"(1.94,1.99]",0.0010453283485742,34,0,0
"689",689,1,44,1,2,"(1.99,2.03]",0.00101032097186938,34,0,0
"690",690,1,44,1,2,"(2.03,2.07]",0.000934046764272477,34,0,0
"691",691,1,44,1,2,"(2.07,2.11]",0.000903473714790276,34,0,0
"692",692,1,44,1,2,"(2.11,2.16]",0.000852169085356265,34,0,0
"693",693,1,44,1,2,"(2.16,2.2]",0.00081698847420556,34,0,0
"694",694,1,44,1,2,"(2.2,2.24]",0.000787947590834017,34,0,0
"695",695,1,44,1,2,"(2.24,2.29]",0.000735404771214854,34,0,0
"696",696,1,44,1,2,"(2.29,2.33]",0.000698885077027572,34,0,0
"697",697,1,44,1,2,"(2.33,2.37]",0.000669008375120305,34,0,0
"698",698,1,44,1,2,"(2.37,2.42]",0.00063500359643336,34,0,0
"699",699,1,44,1,2,"(2.42,2.46]",0.000609471383796884,34,0,0
"700",700,1,44,1,2,"(2.46,2.5]",0.000569826935573408,34,0,0
"701",701,1,44,1,2,"(2.5,2.55]",0.000555056599528156,34,0,0
"702",702,1,44,1,2,"(2.55,2.59]",0.000527927319683338,34,0,0
"703",703,1,44,1,2,"(2.59,2.63]",0.00050061287127022,33,0,0
"704",704,1,44,1,2,"(2.63,2.68]",0.000472727701126429,32,0,0
"705",705,1,44,1,2,"(2.68,2.72]",0.000452290482825442,31,0,0
"706",706,1,44,1,2,"(2.72,2.76]",0.000431947272576315,29,0,0
"707",707,1,44,1,2,"(2.76,2.8]",0.000408847025910442,28,0,0
"708",708,1,44,1,2,"(2.8,2.85]",0.000393243232285539,27,0,0
"709",709,1,44,1,2,"(2.85,2.89]",0.000372997714304615,26,0,0
"710",710,1,44,1,2,"(2.89,2.93]",0.000358199352376949,24,0,0
"711",711,1,44,1,2,"(2.93,2.98]",0.000343148279393415,23,0,0
"712",712,1,44,1,2,"(2.98,3.02]",0.000324155664756722,22,0,0
"713",713,1,44,1,2,"(3.02,3.06]",0.000313487483037712,21,0,0
"714",714,1,44,1,2,"(3.06,3.11]",0.000295852308631479,19,0,0
"715",715,1,44,1,2,"(3.11,3.15]",0.000287733744689679,18,0,0
"716",716,1,44,1,2,"(3.15,3.19]",0.000267715304766006,17,0,0
"717",717,1,44,1,2,"(3.19,3.24]",0.000261102781412645,16,0,0
"718",718,1,44,1,2,"(3.24,3.28]",0.00024877521340282,14,0,0
"719",719,1,44,1,2,"(3.28,3.32]",0.000234605845782784,13,0,0
"720",720,1,44,1,2,"(3.32,3.37]",0.00022826457614055,12,0,0
"721",721,1,44,1,2,"(3.37,3.41]",0.000213074224357001,11,0,0
"722",722,1,44,1,2,"(3.41,3.45]",0.000210021808541391,9,0,0
"723",723,1,44,1,2,"(3.45,3.5]",0.000198143241099913,8,0,0
"724",724,1,44,1,2,"(3.5,3.54]",0.000191306838156846,7,0,0
"725",725,1,44,1,2,"(3.54,3.58]",0.000180518491027936,6,0,0
"726",726,1,44,1,2,"(3.58,3.62]",0.00017398438124107,4,0,0
"727",727,1,44,1,2,"(3.62,3.67]",0.000165134205436542,3,0,0
"728",728,1,44,1,2,"(3.67,3.71]",0.000161941355740873,2,0,0
"729",729,1,44,1,2,"(3.71,3.75]",0.000155033580736008,1,0,0
"730",730,1,44,1,2,"(3.75,3.8]",0.000146307661839546,0,0,0
"731",731,1,44,1,2,"(3.8,3.84]",0.000139604431987938,0,0,0
"732",732,1,44,1,2,"(3.84,3.88]",0.000133941158421605,0,0,0
"733",733,1,44,1,2,"(3.88,3.93]",0.000131111253307499,0,0,0
"734",734,1,44,1,2,"(3.93,3.97]",0.00012538085589945,0,0,0
"735",735,1,44,1,2,"(3.97,4.01]",0.000115954464121222,0,0,0
"736",736,1,44,1,2,"(4.01,4.06]",0.000114342796953753,0,0,0
"737",737,1,44,1,2,"(4.06,4.1]",0.000112109837743081,0,0,0
"738",738,1,44,1,2,"(4.1,7]",0.00303009489919622,0,0,0
"739",739,1,44,1,3,"(0,0.173]",1.34672248056124e-07,39,44,44
"740",740,1,44,1,3,"(0.173,0.216]",3.27950657108812e-06,39,44,44
"741",741,1,44,1,3,"(0.216,0.259]",1.87809035137633e-05,39,44,44
"742",742,1,44,1,3,"(0.259,0.302]",5.83576656548589e-05,39,44,44
"743",743,1,44,1,3,"(0.302,0.345]",0.000128540729138312,39,44,44
"744",744,1,44,1,3,"(0.345,0.388]",0.00022878731177596,39,44,44
"745",745,1,44,1,3,"(0.388,0.432]",0.000355184011638057,39,44,44
"746",746,1,44,1,3,"(0.432,0.475]",0.00051496612624892,39,44,44
"747",747,1,44,1,3,"(0.475,0.518]",0.000679139169752924,39,44,44
"748",748,1,44,1,3,"(0.518,0.561]",0.000844615312913796,39,44,44
"749",749,1,44,1,3,"(0.561,0.604]",0.00101758841597437,39,44,44
"750",750,1,44,1,3,"(0.604,0.647]",0.0011725233288141,39,44,44
"751",751,1,44,1,3,"(0.647,0.69]",0.00129459295509362,39,44,44
"752",752,1,44,1,3,"(0.69,0.734]",0.00140188787907198,39,44,44
"753",753,1,44,1,3,"(0.734,0.777]",0.00151385914935066,39,44,44
"754",754,1,44,1,3,"(0.777,0.82]",0.00155005363239638,39,44,44
"755",755,1,44,1,3,"(0.82,0.863]",0.00159361211494685,39,44,44
"756",756,1,44,1,3,"(0.863,0.906]",0.0019651968386515,39,44,44
"757",757,1,44,1,3,"(0.906,0.949]",0.0016321582846809,39,44,44
"758",758,1,44,1,3,"(0.949,0.993]",0.00161881688843014,39,44,44
"759",759,1,44,1,3,"(0.993,1.04]",0.00129943714646207,39,44,44
"760",760,1,44,1,3,"(1.04,1.08]",0.00156709970748617,39,44,38
"761",761,1,44,1,3,"(1.08,1.12]",0.00154604595730331,39,44,0
"762",762,1,44,1,3,"(1.12,1.17]",0.00150720131602567,39,44,0
"763",763,1,44,1,3,"(1.17,1.21]",0.00143914137078336,39,44,0
"764",764,1,44,1,3,"(1.21,1.25]",0.00141566521513178,39,44,0
"765",765,1,44,1,3,"(1.25,1.29]",0.00134555435744701,39,44,0
"766",766,1,44,1,3,"(1.29,1.34]",0.0012976715279126,39,44,0
"767",767,1,44,1,3,"(1.34,1.38]",0.001228986269234,39,44,0
"768",768,1,44,1,3,"(1.38,1.42]",0.00119382657429728,39,44,0
"769",769,1,44,1,3,"(1.42,1.47]",0.00114333544469142,39,44,0
"770",770,1,44,1,3,"(1.47,1.51]",0.00108664555329982,39,44,0
"771",771,1,44,1,3,"(1.51,1.55]",0.00102842621794067,39,44,0
"772",772,1,44,1,3,"(1.55,1.6]",0.000985043820038364,39,44,0
"773",773,1,44,1,3,"(1.6,1.64]",0.000922500977331649,39,44,0
"774",774,1,44,1,3,"(1.64,1.68]",0.000901921827544059,39,44,0
"775",775,1,44,1,3,"(1.68,1.73]",0.000843253807022198,39,44,0
"776",776,1,44,1,3,"(1.73,1.77]",0.000813043706576511,39,44,0
"777",777,1,44,1,3,"(1.77,1.81]",0.000756394455676715,39,44,0
"778",778,1,44,1,3,"(1.81,1.86]",0.000721260226826886,39,44,0
"779",779,1,44,1,3,"(1.86,1.9]",0.000697760003031599,39,44,0
"780",780,1,44,1,3,"(1.9,1.94]",0.000646145048256506,39,20,0
"781",781,1,44,1,3,"(1.94,1.99]",0.000628890478011664,39,20,0
"782",782,1,44,1,3,"(1.99,2.03]",0.000581257895089981,39,0,0
"783",783,1,44,1,3,"(2.03,2.07]",0.000557760028364505,39,0,0
"784",784,1,44,1,3,"(2.07,2.11]",0.000535632908780568,39,0,0
"785",785,1,44,1,3,"(2.11,2.16]",0.000497246177193053,39,0,0
"786",786,1,44,1,3,"(2.16,2.2]",0.000484501923340961,39,0,0
"787",787,1,44,1,3,"(2.2,2.24]",0.000451438043463648,39,0,0
"788",788,1,44,1,3,"(2.24,2.29]",0.000426282952689253,39,0,0
"789",789,1,44,1,3,"(2.29,2.33]",0.000413256813109903,39,0,0
"790",790,1,44,1,3,"(2.33,2.37]",0.0003896874518999,39,0,0
"791",791,1,44,1,3,"(2.37,2.42]",0.000371287490342509,39,0,0
"792",792,1,44,1,3,"(2.42,2.46]",0.000348115003448222,39,0,0
"793",793,1,44,1,3,"(2.46,2.5]",0.000336973082266626,39,0,0
"794",794,1,44,1,3,"(2.5,2.55]",0.000318584143371407,39,0,0
"795",795,1,44,1,3,"(2.55,2.59]",0.000301779437000726,39,0,0
"796",796,1,44,1,3,"(2.59,2.63]",0.000286013732134221,38,0,0
"797",797,1,44,1,3,"(2.63,2.68]",0.000273254989862478,37,0,0
"798",798,1,44,1,3,"(2.68,2.72]",0.000257977076158495,36,0,0
"799",799,1,44,1,3,"(2.72,2.76]",0.000248468959824171,34,0,0
"800",800,1,44,1,3,"(2.76,2.8]",0.000237441558983372,33,0,0
"801",801,1,44,1,3,"(2.8,2.85]",0.000222751794934643,32,0,0
"802",802,1,44,1,3,"(2.85,2.89]",0.000215848666169059,31,0,0
"803",803,1,44,1,3,"(2.89,2.93]",0.000205535896136312,29,0,0
"804",804,1,44,1,3,"(2.93,2.98]",0.000194759529715222,28,0,0
"805",805,1,44,1,3,"(2.98,3.02]",0.000183531882570717,27,0,0
"806",806,1,44,1,3,"(3.02,3.06]",0.000174678874659235,26,0,0
"807",807,1,44,1,3,"(3.06,3.11]",0.000172431077444176,24,0,0
"808",808,1,44,1,3,"(3.11,3.15]",0.00016185373279692,23,0,0
"809",809,1,44,1,3,"(3.15,3.19]",0.000148693148980189,22,0,0
"810",810,1,44,1,3,"(3.19,3.24]",0.000149044206383046,21,0,0
"811",811,1,44,1,3,"(3.24,3.28]",0.00014013535576089,19,0,0
"812",812,1,44,1,3,"(3.28,3.32]",0.000133887296709933,18,0,0
"813",813,1,44,1,3,"(3.32,3.37]",0.000127880539400604,17,0,0
"814",814,1,44,1,3,"(3.37,3.41]",0.000122473153650412,16,0,0
"815",815,1,44,1,3,"(3.41,3.45]",0.000119488095585538,14,0,0
"816",816,1,44,1,3,"(3.45,3.5]",0.000110166551731447,13,0,0
"817",817,1,44,1,3,"(3.5,3.54]",0.000107014335826869,12,0,0
"818",818,1,44,1,3,"(3.54,3.58]",0.000101920330919615,11,0,0
"819",819,1,44,1,3,"(3.58,3.62]",9.79177040111017e-05,9,0,0
"820",820,1,44,1,3,"(3.62,3.67]",9.44339282190392e-05,8,0,0
"821",821,1,44,1,3,"(3.67,3.71]",9.09939589618368e-05,7,0,0
"822",822,1,44,1,3,"(3.71,3.75]",8.49645124059424e-05,6,0,0
"823",823,1,44,1,3,"(3.75,3.8]",8.31571555546002e-05,4,0,0
"824",824,1,44,1,3,"(3.8,3.84]",7.81850318374272e-05,3,0,0
"825",825,1,44,1,3,"(3.84,3.88]",7.61297864330417e-05,2,0,0
"826",826,1,44,1,3,"(3.88,3.93]",7.3800581212278e-05,1,0,0
"827",827,1,44,1,3,"(3.93,3.97]",6.8677150508192e-05,0,0,0
"828",828,1,44,1,3,"(3.97,4.01]",6.66898033616199e-05,0,0,0
"829",829,1,44,1,3,"(4.01,4.06]",6.40232978513683e-05,0,0,0
"830",830,1,44,1,3,"(4.06,4.1]",6.19200949206295e-05,0,0,0
"831",831,1,44,1,3,"(4.1,7]",0.00168241206641266,0,0,0
"832",832,1,44,1,4,"(0,0.173]",1.03935331909737e-06,44,44,44
"833",833,1,44,1,4,"(0.173,0.216]",8.77036675735165e-06,44,44,44
"834",834,1,44,1,4,"(0.216,0.259]",3.40155382107779e-05,44,44,44
"835",835,1,44,1,4,"(0.259,0.302]",8.79683084246368e-05,44,44,44
"836",836,1,44,1,4,"(0.302,0.345]",0.000178113501855463,44,44,44
"837",837,1,44,1,4,"(0.345,0.388]",0.000299245582331358,44,44,44
"838",838,1,44,1,4,"(0.388,0.432]",0.000443534703148767,44,44,44
"839",839,1,44,1,4,"(0.432,0.475]",0.000599253573523048,44,44,44
"840",840,1,44,1,4,"(0.475,0.518]",0.000751314057607541,44,44,44
"841",841,1,44,1,4,"(0.518,0.561]",0.000886769982114954,44,44,44
"842",842,1,44,1,4,"(0.561,0.604]",0.0010022776952068,44,44,44
"843",843,1,44,1,4,"(0.604,0.647]",0.00110318465473907,44,44,44
"844",844,1,44,1,4,"(0.647,0.69]",0.00117621453298929,44,44,44
"845",845,1,44,1,4,"(0.69,0.734]",0.00122567281818287,44,44,44
"846",846,1,44,1,4,"(0.734,0.777]",0.00127198300412338,44,44,44
"847",847,1,44,1,4,"(0.777,0.82]",0.00127759523660173,44,44,44
"848",848,1,44,1,4,"(0.82,0.863]",0.00128906249088415,44,44,44
"849",849,1,44,1,4,"(0.863,0.906]",0.00153113183040324,44,44,44
"850",850,1,44,1,4,"(0.906,0.949]",0.00125003964848326,44,44,44
"851",851,1,44,1,4,"(0.949,0.993]",0.00122008739082125,44,44,44
"852",852,1,44,1,4,"(0.993,1.04]",0.000954029141276659,44,44,44
"853",853,1,44,1,4,"(1.04,1.08]",0.00116839210399137,44,44,44
"854",854,1,44,1,4,"(1.08,1.12]",0.00110335746386904,44,44,44
"855",855,1,44,1,4,"(1.12,1.17]",0.00109160567536061,44,44,0
"856",856,1,44,1,4,"(1.17,1.21]",0.00102751159038548,44,44,0
"857",857,1,44,1,4,"(1.21,1.25]",0.000981875291312119,44,44,0
"858",858,1,44,1,4,"(1.25,1.29]",0.000942664217585118,44,44,0
"859",859,1,44,1,4,"(1.29,1.34]",0.000901648487416534,44,44,0
"860",860,1,44,1,4,"(1.34,1.38]",0.00085662493063938,44,44,0
"861",861,1,44,1,4,"(1.38,1.42]",0.00081291147754872,44,44,0
"862",862,1,44,1,4,"(1.42,1.47]",0.000774160920501454,44,44,0
"863",863,1,44,1,4,"(1.47,1.51]",0.000728883918020571,44,44,0
"864",864,1,44,1,4,"(1.51,1.55]",0.000696868051290723,44,44,0
"865",865,1,44,1,4,"(1.55,1.6]",0.000661421357585936,44,44,0
"866",866,1,44,1,4,"(1.6,1.64]",0.000624272858621758,44,44,0
"867",867,1,44,1,4,"(1.64,1.68]",0.000596028237291271,44,44,0
"868",868,1,44,1,4,"(1.68,1.73]",0.000561074424399574,44,44,0
"869",869,1,44,1,4,"(1.73,1.77]",0.000531114283532917,44,44,0
"870",870,1,44,1,4,"(1.77,1.81]",0.000503745733366328,44,44,0
"871",871,1,44,1,4,"(1.81,1.86]",0.000485400443745604,44,44,0
"872",872,1,44,1,4,"(1.86,1.9]",0.000445952311334606,44,44,0
"873",873,1,44,1,4,"(1.9,1.94]",0.000429146727559061,44,44,0
"874",874,1,44,1,4,"(1.94,1.99]",0.000400259166640114,44,44,0
"875",875,1,44,1,4,"(1.99,2.03]",0.000386078326044493,44,44,0
"876",876,1,44,1,4,"(2.03,2.07]",0.000363461126059217,44,44,0
"877",877,1,44,1,4,"(2.07,2.11]",0.000344485111631604,44,38,0
"878",878,1,44,1,4,"(2.11,2.16]",0.000327156297408273,44,38,0
"879",879,1,44,1,4,"(2.16,2.2]",0.000308811807694477,44,9,0
"880",880,1,44,1,4,"(2.2,2.24]",0.000296786054126807,44,0,0
"881",881,1,44,1,4,"(2.24,2.29]",0.000278435147165358,44,0,0
"882",882,1,44,1,4,"(2.29,2.33]",0.000260869063904925,44,0,0
"883",883,1,44,1,4,"(2.33,2.37]",0.000251765479684305,44,0,0
"884",884,1,44,1,4,"(2.37,2.42]",0.000236510803029531,44,0,0
"885",885,1,44,1,4,"(2.42,2.46]",0.000227878958405608,44,0,0
"886",886,1,44,1,4,"(2.46,2.5]",0.000212838705446772,44,0,0
"887",887,1,44,1,4,"(2.5,2.55]",0.000204576547137321,44,0,0
"888",888,1,44,1,4,"(2.55,2.59]",0.000192423994235472,44,0,0
"889",889,1,44,1,4,"(2.59,2.63]",0.000185357829388429,43,0,0
"890",890,1,44,1,4,"(2.63,2.68]",0.000175563569202561,42,0,0
"891",891,1,44,1,4,"(2.68,2.72]",0.000165925600457853,41,0,0
"892",892,1,44,1,4,"(2.72,2.76]",0.000159325470828087,39,0,0
"893",893,1,44,1,4,"(2.76,2.8]",0.000150822930575222,38,0,0
"894",894,1,44,1,4,"(2.8,2.85]",0.000142982329793046,37,0,0
"895",895,1,44,1,4,"(2.85,2.89]",0.000135964159845056,36,0,0
"896",896,1,44,1,4,"(2.89,2.93]",0.000131512371206353,34,0,0
"897",897,1,44,1,4,"(2.93,2.98]",0.000122412349586704,33,0,0
"898",898,1,44,1,4,"(2.98,3.02]",0.000119784759724946,32,0,0
"899",899,1,44,1,4,"(3.02,3.06]",0.000111792714279414,31,0,0
"900",900,1,44,1,4,"(3.06,3.11]",0.000107394232200367,29,0,0
"901",901,1,44,1,4,"(3.11,3.15]",0.000101498690261181,28,0,0
"902",902,1,44,1,4,"(3.15,3.19]",9.86524751407037e-05,27,0,0
"903",903,1,44,1,4,"(3.19,3.24]",9.30954001929525e-05,26,0,0
"904",904,1,44,1,4,"(3.24,3.28]",8.88256849638096e-05,24,0,0
"905",905,1,44,1,4,"(3.28,3.32]",8.65249417972889e-05,23,0,0
"906",906,1,44,1,4,"(3.32,3.37]",8.12461339562104e-05,22,0,0
"907",907,1,44,1,4,"(3.37,3.41]",7.86194823537789e-05,21,0,0
"908",908,1,44,1,4,"(3.41,3.45]",7.32979315971122e-05,19,0,0
"909",909,1,44,1,4,"(3.45,3.5]",7.15268714443494e-05,18,0,0
"910",910,1,44,1,4,"(3.5,3.54]",6.67747758984964e-05,17,0,0
"911",911,1,44,1,4,"(3.54,3.58]",6.56228790312994e-05,16,0,0
"912",912,1,44,1,4,"(3.58,3.62]",6.22698972415685e-05,14,0,0
"913",913,1,44,1,4,"(3.62,3.67]",5.85757469332554e-05,13,0,0
"914",914,1,44,1,4,"(3.67,3.71]",5.84493214586351e-05,12,0,0
"915",915,1,44,1,4,"(3.71,3.75]",5.33718849849228e-05,11,0,0
"916",916,1,44,1,4,"(3.75,3.8]",5.29638413847647e-05,9,0,0
"917",917,1,44,1,4,"(3.8,3.84]",5.15757110199146e-05,8,0,0
"918",918,1,44,1,4,"(3.84,3.88]",4.76005311016631e-05,7,0,0
"919",919,1,44,1,4,"(3.88,3.93]",4.46089625751747e-05,6,0,0
"920",920,1,44,1,4,"(3.93,3.97]",4.4593373009743e-05,4,0,0
"921",921,1,44,1,4,"(3.97,4.01]",4.20488322824224e-05,3,0,0
"922",922,1,44,1,4,"(4.01,4.06]",4.07663697094919e-05,2,0,0
"923",923,1,44,1,4,"(4.06,4.1]",3.93692519719629e-05,1,0,0
"924",924,1,44,1,4,"(4.1,7]",0.001066812003666,0,0,0
